MK18 1SB,0.00,0.00
MK18 1NH,0.02,0.01
MK18 1RS,0.03,0.02
MK18 1NT,0.04,0.02
MK18 1PU,0.04,0.02
MK18 1RP,0.05,0.03
MK18 1WR,0.06,0.04
MK18 9DD,0.08,0.05
MK18 9DF,0.08,0.05
MK18 8AW,0.08,0.05
MK18 8AX,0.08,0.05
MK18 9DL,0.08,0.05
MK18 8AZ,0.08,0.05
MK18 9DP,0.08,0.05
MK18 9DR,0.08,0.05
MK18 9DS,0.08,0.05
MK18 9DU,0.08,0.05
MK18 9DW,0.08,0.05
MK18 9DX,0.08,0.05
MK18 9BX,0.09,0.05
MK18 9AP,0.09,0.05
MK18 9AW,0.09,0.05
MK18 4YZ,0.09,0.05
MK18 5ZR,0.09,0.05
MK18 4DQ,0.09,0.05
MK18 1ZR,0.09,0.05
MK18 1TQ,0.09,0.05
MK18 1WZ,0.09,0.05
MK18 1AA,0.09,0.05
MK18 4ZS,0.09,0.05
MK18 8AR,0.09,0.05
MK18 9BW,0.09,0.05
MK18 1NU,0.09,0.06
MK18 1JN,0.11,0.07
MK18 1JP,0.11,0.07
MK18 1NQ,0.13,0.08
MK18 1GB,0.14,0.09
MK18 1NX,0.14,0.09
MK18 1BA,0.16,0.10
MK18 1UJ,0.16,0.10
MK18 1JX,0.16,0.10
MK18 1LA,0.16,0.10
MK18 1GD,0.17,0.10
MK18 1NS,0.17,0.10
MK18 1NR,0.17,0.11
MK18 1NJ,0.17,0.11
MK18 1NZ,0.18,0.11
MK18 1TD,0.18,0.11
MK18 1NW,0.18,0.11
MK18 1JT,0.18,0.11
MK18 1XG,0.19,0.12
MK18 1NG,0.20,0.12
MK18 1JU,0.20,0.12
MK18 1UW,0.20,0.13
MK18 1NP,0.21,0.13
MK18 1NL,0.21,0.13
MK18 1GA,0.21,0.13
MK18 1JZ,0.21,0.13
MK18 1FD,0.22,0.14
MK18 1XW,0.23,0.14
MK18 1UN,0.24,0.15
MK18 1EL,0.25,0.15
MK18 1NY,0.26,0.16
MK18 1HE,0.26,0.16
MK18 1JE,0.26,0.16
MK18 1HF,0.27,0.17
MK18 1GU,0.27,0.17
MK18 1EQ,0.27,0.17
MK18 1HL,0.28,0.17
MK18 1BP,0.28,0.18
MK18 1PD,0.29,0.18
MK18 1ND,0.29,0.18
MK18 1NB,0.29,0.18
MK18 1EH,0.29,0.18
MK18 1GT,0.30,0.18
MK18 1EW,0.30,0.18
MK18 1HG,0.30,0.19
MK18 1PB,0.31,0.19
MK18 1UP,0.32,0.20
MK18 1BS,0.32,0.20
MK18 1GP,0.32,0.20
MK18 1EN,0.32,0.20
MK18 1LB,0.33,0.20
MK18 1EY,0.33,0.21
MK18 1AF,0.34,0.21
MK18 1NA,0.34,0.21
MK18 1EX,0.35,0.21
MK18 1EU,0.35,0.22
MK18 1LY,0.35,0.22
MK18 1HD,0.35,0.22
MK18 1AG,0.35,0.22
MK18 1HB,0.36,0.23
MK18 1EZ,0.37,0.23
MK18 1LZ,0.38,0.23
MK18 1PX,0.38,0.24
MK18 1AQ,0.38,0.24
MK18 1WE,0.38,0.24
MK18 1LU,0.38,0.24
MK18 1LG,0.39,0.24
MK18 1HA,0.40,0.25
MK18 1WD,0.40,0.25
MK18 1LT,0.41,0.25
MK18 1GN,0.41,0.26
MK18 1BT,0.42,0.26
MK18 1HH,0.42,0.26
MK18 1SS,0.43,0.26
MK18 1DG,0.43,0.26
MK18 1BU,0.43,0.27
MK18 1EP,0.44,0.27
MK18 1LD,0.44,0.27
MK18 1LQ,0.44,0.27
MK18 1BD,0.45,0.28
MK18 1ET,0.45,0.28
MK18 1BG,0.46,0.28
MK18 1PJ,0.46,0.28
MK18 1PF,0.46,0.29
MK18 1BB,0.46,0.29
MK18 1HP,0.47,0.29
MK18 1XL,0.47,0.29
MK18 1PY,0.47,0.29
MK18 1HS,0.47,0.29
MK18 1LE,0.47,0.29
MK18 1UQ,0.47,0.29
MK18 1SD,0.48,0.30
MK18 1LX,0.48,0.30
MK18 1LJ,0.48,0.30
MK18 1AH,0.48,0.30
MK18 1ER,0.49,0.30
MK18 1LH,0.49,0.30
MK18 1LS,0.49,0.30
MK18 1ES,0.49,0.31
MK18 1AP,0.49,0.31
MK18 1BX,0.50,0.31
MK18 1SN,0.50,0.31
MK18 1PE,0.50,0.31
MK18 1PH,0.50,0.31
MK18 1LL,0.51,0.32
MK18 1BQ,0.52,0.32
MK18 1UB,0.53,0.33
MK18 1LN,0.53,0.33
MK18 1PG,0.53,0.33
MK18 1GR,0.53,0.33
MK18 1HU,0.54,0.33
MK18 1PT,0.54,0.33
MK18 1LW,0.54,0.33
MK18 1HT,0.54,0.33
MK18 1TP,0.54,0.33
MK18 1GW,0.54,0.33
MK18 1BY,0.54,0.34
MK18 1DA,0.55,0.34
MK18 7BF,0.55,0.34
MK18 1SF,0.55,0.34
MK18 1GL,0.55,0.34
MK18 1UE,0.55,0.34
MK18 1GS,0.55,0.34
MK18 1GJ,0.55,0.34
MK18 1PQ,0.56,0.35
MK18 1TR,0.56,0.35
MK18 1AZ,0.57,0.35
MK18 1AS,0.57,0.36
MK18 1LF,0.58,0.36
MK18 1LP,0.58,0.36
MK18 1DB,0.58,0.36
MK18 7BP,0.58,0.36
MK18 1BZ,0.58,0.36
MK18 7AT,0.58,0.36
MK18 1HZ,0.58,0.36
MK18 1GX,0.58,0.36
MK18 1UA,0.59,0.37
MK18 1WB,0.59,0.37
MK18 1AJ,0.60,0.37
MK18 1AY,0.60,0.37
MK18 1DD,0.61,0.38
MK18 7AD,0.61,0.38
MK18 1JF,0.61,0.38
MK18 1BE,0.61,0.38
MK18 1TS,0.61,0.38
MK18 1HX,0.61,0.38
MK18 1UF,0.62,0.38
MK18 1LR,0.62,0.38
MK18 1XN,0.62,0.39
MK18 7BH,0.62,0.39
MK18 1EE,0.63,0.39
MK18 1XF,0.63,0.39
MK18 1TX,0.65,0.40
MK18 1PR,0.65,0.41
MK18 1TY,0.65,0.41
MK18 1WH,0.66,0.41
MK18 1HY,0.66,0.41
MK18 1TU,0.67,0.41
MK18 1FE,0.67,0.41
MK18 1TT,0.67,0.42
MK18 1PS,0.67,0.42
MK18 1UD,0.68,0.42
MK18 1TZ,0.68,0.42
MK18 1AR,0.68,0.42
MK18 1EA,0.69,0.43
MK18 1AW,0.69,0.43
MK18 7BT,0.69,0.43
MK18 1WU,0.69,0.43
MK18 1UG,0.70,0.43
MK18 1AT,0.70,0.43
MK18 1WX,0.70,0.44
MK18 1DQ,0.70,0.44
MK18 1BF,0.71,0.44
MK18 1JR,0.71,0.44
MK18 1XA,0.71,0.44
MK18 1EG,0.71,0.44
MK18 1TW,0.72,0.44
MK18 7BU,0.72,0.45
MK18 1GY,0.72,0.45
MK18 1PL,0.73,0.45
MK18 7BQ,0.74,0.46
MK18 1AU,0.74,0.46
MK18 7BS,0.74,0.46
MK18 1AL,0.74,0.46
MK18 1UU,0.75,0.47
MK18 7HT,0.75,0.47
MK18 1XD,0.76,0.47
MK18 1UX,0.76,0.47
MK18 1WW,0.77,0.48
MK18 1DY,0.77,0.48
MK18 7DA,0.77,0.48
MK18 1XR,0.77,0.48
MK18 1JY,0.77,0.48
MK18 1PN,0.78,0.49
MK18 7HS,0.78,0.49
MK18 1SA,0.79,0.49
MK18 1UZ,0.79,0.49
MK18 1XB,0.79,0.49
MK18 7BJ,0.79,0.49
MK18 1UY,0.81,0.50
MK18 6AA,0.81,0.50
MK18 1JD,0.81,0.50
MK18 1AE,0.82,0.51
MK18 1DX,0.82,0.51
MK18 1XE,0.82,0.51
MK18 1TE,0.83,0.51
MK18 7AY,0.83,0.51
MK18 7BE,0.83,0.51
MK18 1AD,0.83,0.52
MK18 1DU,0.83,0.52
MK18 7HU,0.83,0.52
MK18 1AX,0.83,0.52
MK18 7BB,0.83,0.52
MK18 7BA,0.84,0.52
MK18 1GE,0.84,0.52
MK18 1YJ,0.85,0.53
MK18 7HR,0.85,0.53
MK18 1SJ,0.85,0.53
MK18 1DZ,0.85,0.53
MK18 7EF,0.86,0.54
MK18 1GF,0.86,0.54
MK18 7AX,0.87,0.54
MK18 7EB,0.87,0.54
MK18 1FL,0.87,0.54
MK18 1SU,0.87,0.54
MK18 1RA,0.87,0.54
MK18 1YW,0.88,0.54
MK18 1FY,0.88,0.55
MK18 1YR,0.88,0.55
MK18 7BL,0.88,0.55
MK18 1XP,0.89,0.55
MK18 1GH,0.89,0.55
MK18 7HP,0.90,0.56
MK18 1DW,0.90,0.56
MK18 7BG,0.90,0.56
MK18 1YQ,0.90,0.56
MK18 1FZ,0.90,0.56
MK18 1YA,0.91,0.56
MK18 1RU,0.91,0.56
MK18 1NF,0.91,0.56
MK18 1TJ,0.91,0.57
MK18 1DE,0.92,0.57
MK18 1DF,0.92,0.57
MK18 1JA,0.92,0.57
MK18 1DL,0.92,0.57
MK18 1GG,0.92,0.57
MK18 1PW,0.92,0.57
MK18 7DB,0.93,0.58
MK18 1YL,0.93,0.58
MK18 7BN,0.93,0.58
MK18 1DP,0.93,0.58
MK18 1YS,0.94,0.58
MK18 7DD,0.94,0.58
MK18 7EA,0.95,0.59
MK18 7HZ,0.95,0.59
MK18 1WG,0.96,0.60
MK18 7ED,0.96,0.60
MK18 1RJ,0.96,0.60
MK18 1YH,0.96,0.60
MK18 1HR,0.97,0.60
MK18 7BD,0.97,0.60
MK18 7DH,0.97,0.60
MK18 1YN,0.97,0.60
MK18 1JH,0.97,0.60
MK18 1JB,0.97,0.60
MK18 1JQ,0.97,0.60
MK18 7AB,0.97,0.61
MK18 1GQ,0.97,0.61
MK18 1EJ,0.98,0.61
MK18 1BW,0.98,0.61
MK18 1DT,0.98,0.61
MK18 1FQ,0.98,0.61
MK18 7EE,0.99,0.61
MK18 7EG,0.99,0.61
MK18 1FP,0.99,0.62
MK18 1DR,0.99,0.62
MK18 1EB,0.99,0.62
MK18 1AN,0.99,0.62
MK18 1JG,1.00,0.62
MK18 7BW,1.00,0.62
MK18 7EH,1.00,0.62
MK18 1DS,1.01,0.63
MK18 1DH,1.01,0.63
MK18 7DF,1.01,0.63
MK18 1SE,1.02,0.63
MK18 7EJ,1.03,0.64
MK18 1DJ,1.03,0.64
MK18 1PP,1.04,0.64
MK18 7EZ,1.04,0.65
MK18 1FT,1.04,0.65
MK18 1FR,1.06,0.66
MK18 7DL,1.06,0.66
MK18 1FF,1.08,0.67
MK18 7EL,1.08,0.67
MK18 7DE,1.08,0.67
MK18 7HX,1.08,0.67
MK18 1FS,1.08,0.67
MK18 1DN,1.08,0.67
MK18 7ER,1.09,0.67
MK18 7EQ,1.09,0.68
MK18 1FH,1.10,0.68
MK18 1WJ,1.10,0.69
MK18 1JJ,1.11,0.69
MK18 1YT,1.12,0.69
MK18 1SG,1.12,0.69
MK18 1FG,1.12,0.70
MK18 7AS,1.13,0.70
MK18 1WF,1.13,0.70
MK18 1HQ,1.14,0.71
MK18 1BL,1.14,0.71
MK18 1FN,1.14,0.71
MK18 7EX,1.15,0.71
MK18 7EW,1.15,0.72
MK18 1BN,1.16,0.72
MK18 7EY,1.16,0.72
MK18 7EN,1.16,0.72
MK18 1QA,1.16,0.72
MK18 1ED,1.16,0.72
MK18 1FU,1.17,0.72
MK18 7EP,1.17,0.73
MK18 7ET,1.17,0.73
MK18 1BJ,1.17,0.73
MK18 7HD,1.17,0.73
MK18 1FW,1.20,0.74
MK18 1FJ,1.20,0.75
MK18 1YD,1.21,0.75
MK18 1US,1.21,0.75
MK18 1FA,1.21,0.75
MK18 1HW,1.21,0.75
MK18 1UT,1.22,0.75
MK18 1RW,1.22,0.76
MK18 7ES,1.23,0.76
MK18 7AU,1.24,0.77
MK18 1ST,1.24,0.77
MK18 1XZ,1.24,0.77
MK18 1QB,1.25,0.78
MK18 7HL,1.25,0.78
MK18 1YB,1.26,0.78
MK18 1FX,1.26,0.78
MK18 7HH,1.27,0.79
MK18 1RN,1.27,0.79
MK18 7HB,1.27,0.79
MK18 7EU,1.28,0.80
MK18 1RL,1.28,0.80
MK18 7HA,1.29,0.80
MK18 7DP,1.30,0.81
MK18 1SH,1.30,0.81
MK18 1XU,1.32,0.82
MK18 1QD,1.32,0.82
MK18 7HJ,1.33,0.83
MK18 1AB,1.33,0.83
MK18 7JH,1.36,0.85
MK18 7JB,1.36,0.85
MK18 1RY,1.37,0.85
MK18 1TL,1.37,0.85
MK18 7JL,1.38,0.85
MK18 7JA,1.38,0.86
MK18 1QF,1.38,0.86
MK18 7DU,1.39,0.86
MK18 1RH,1.40,0.87
MK18 1PA,1.40,0.87
MK18 1TG,1.43,0.89
MK18 7DR,1.43,0.89
MK18 7JJ,1.43,0.89
MK18 1SQ,1.44,0.90
MK18 1SR,1.44,0.90
MK18 1RQ,1.45,0.90
MK18 1XT,1.46,0.91
MK18 1RT,1.47,0.91
MK18 1QE,1.48,0.92
MK18 1UL,1.48,0.92
MK18 7DS,1.49,0.93
MK18 1PZ,1.50,0.93
MK18 1QG,1.50,0.93
MK18 7SD,1.50,0.93
MK18 1RZ,1.51,0.94
MK18 7RT,1.51,0.94
MK18 7RQ,1.51,0.94
MK18 1RG,1.52,0.95
MK18 1WL,1.52,0.95
MK18 1WA,1.52,0.95
MK18 7RU,1.53,0.95
MK18 1TB,1.54,0.95
MK18 7RH,1.54,0.96
MK18 1QT,1.54,0.96
MK18 1QU,1.54,0.96
MK18 7SF,1.55,0.96
MK18 1RF,1.55,0.96
MK18 1QS,1.56,0.97
MK18 1QN,1.56,0.97
MK18 1FB,1.57,0.97
MK18 1BH,1.57,0.97
MK18 7QA,1.57,0.98
MK18 1UH,1.57,0.98
MK18 7RL,1.57,0.98
MK18 1QL,1.57,0.98
MK18 1QW,1.57,0.98
MK18 7RG,1.57,0.98
MK18 7RJ,1.59,0.99
MK18 1XJ,1.60,0.99
MK18 1QR,1.60,1.00
MK18 7SE,1.61,1.00
MK18 7RS,1.61,1.00
MK18 1TF,1.62,1.01
MK18 1RB,1.62,1.01
MK18 7RW,1.62,1.01
MK18 7RN,1.63,1.01
MK18 1QP,1.63,1.01
MK18 1SL,1.64,1.02
MK18 7RA,1.64,1.02
MK18 1QQ,1.65,1.02
MK18 1HJ,1.65,1.02
MK18 6AB,1.65,1.03
MK18 1QX,1.65,1.03
MK18 7RZ,1.65,1.03
MK18 1QJ,1.66,1.03
MK18 1RD,1.66,1.03
MK18 1TH,1.66,1.03
MK18 1QY,1.66,1.03
MK18 1QZ,1.68,1.04
MK18 7RX,1.68,1.05
MK18 7RB,1.69,1.05
MK18 1RE,1.69,1.05
MK18 1RX,1.70,1.06
MK18 1QH,1.70,1.06
MK18 7RR,1.70,1.06
MK18 7RY,1.73,1.08
MK18 1HN,1.74,1.08
MK18 7RF,1.74,1.08
MK18 1TN,1.75,1.09
MK18 7RP,1.75,1.09
MK18 7RD,1.76,1.09
MK18 7SA,1.76,1.09
MK18 6AG,1.77,1.10
MK18 7SB,1.77,1.10
MK18 7RE,1.78,1.11
MK18 1SZ,1.82,1.13
MK18 1SP,1.84,1.15
MK18 7AR,1.96,1.22
MK18 4AA,1.99,1.24
MK18 1SW,1.99,1.24
MK18 5JG,2.05,1.27
MK18 5JE,2.05,1.28
MK18 4AB,2.08,1.29
MK18 5JF,2.08,1.30
MK18 5JP,2.10,1.30
MK18 5JH,2.13,1.33
MK18 4FD,2.16,1.34
MK18 4BL,2.17,1.35
MK18 4BU,2.17,1.35
MK18 4DF,2.18,1.35
MK18 5JN,2.19,1.36
MK18 5JJ,2.21,1.37
MK18 6AD,2.26,1.40
MK18 5JL,2.26,1.41
MK18 4AE,2.30,1.43
MK18 4JB,2.42,1.50
MK18 4BP,2.48,1.54
MK18 6AH,2.48,1.54
MK18 6AE,2.54,1.58
MK18 4JQ,2.60,1.62
MK18 4BS,2.62,1.63
MK18 4JD,2.65,1.65
MK18 7DT,2.69,1.67
MK18 5AA,2.71,1.68
MK18 4JE,2.71,1.69
MK18 4JG,2.73,1.70
MK18 4HJ,2.77,1.72
MK18 4JH,2.77,1.72
MK18 5EG,2.78,1.73
MK18 4BT,2.80,1.74
MK18 4HU,2.81,1.75
MK18 4HY,2.82,1.75
MK18 5EQ,2.82,1.75
MK18 4HZ,2.87,1.78
MK18 4HX,2.87,1.78
MK18 4HL,2.89,1.79
MK18 4DG,2.91,1.81
MK18 5BZ,2.92,1.82
MK18 1TA,2.93,1.82
MK18 5EY,2.95,1.83
MK18 4HN,2.96,1.84
MK18 7DX,2.97,1.85
MK18 4HR,2.99,1.86
MK18 4FG,2.99,1.86
MK18 4HW,3.00,1.87
MK18 4JF,3.01,1.87
MK18 4HP,3.01,1.87
MK18 4HS,3.03,1.88
MK18 4HT,3.08,1.91
MK18 4JJ,3.18,1.97
MK18 5AB,3.25,2.02
MK18 2AB,3.30,2.05
MK18 5DN,3.35,2.08
MK18 4DN,3.41,2.12
MK18 5HL,3.42,2.12
MK18 5EE,3.43,2.13
MK18 4RB,3.43,2.13
MK18 5HQ,3.44,2.14
MK18 5HJ,3.45,2.14
MK18 5HX,3.46,2.15
MK18 5AE,3.46,2.15
MK18 5EX,3.50,2.18
MK18 5AD,3.54,2.20
MK18 5HH,3.55,2.20
MK18 5HN,3.59,2.23
MK18 4HF,3.60,2.23
MK18 5HG,3.63,2.26
MK18 5BN,3.66,2.28
MK18 5HA,3.67,2.28
MK18 5HW,3.69,2.29
MK18 5HB,3.71,2.30
MK18 5HD,3.73,2.32
MK18 4AF,3.75,2.33
MK18 5BW,3.76,2.34
MK18 5HP,3.76,2.34
MK18 2AA,3.76,2.34
MK18 5HE,3.77,2.35
MK18 5HR,3.78,2.35
MK18 5ED,3.79,2.35
MK18 5GZ,3.80,2.36
MK18 2AH,3.82,2.38
MK18 5HF,3.83,2.38
MK18 4NE,3.84,2.38
MK18 5HS,3.91,2.43
MK18 5DA,3.91,2.43
MK18 5DJ,3.92,2.43
MK18 2ED,3.93,2.44
MK18 5HZ,3.94,2.45
MK18 5HU,3.94,2.45
MK18 2EB,3.94,2.45
MK18 5DF,3.96,2.46
MK18 2AJ,3.96,2.46
MK18 2BB,3.99,2.48
MK18 4QY,4.00,2.49
MK18 4NB,4.01,2.49
MK18 2BD,4.01,2.49
MK18 4RE,4.01,2.49
MK18 4NF,4.02,2.50
MK18 2AL,4.02,2.50
MK18 2FT,4.03,2.50
MK18 2BE,4.04,2.51
MK18 5EH,4.04,2.51
MK18 5DE,4.04,2.51
MK18 4NG,4.05,2.51
MK18 4RA,4.05,2.52
MK18 2BP,4.05,2.52
MK18 4NW,4.05,2.52
MK18 2BG,4.06,2.52
MK18 2AN,4.06,2.52
MK18 2BA,4.06,2.52
MK18 2AP,4.07,2.53
MK18 2AY,4.08,2.53
MK18 4RQ,4.09,2.54
MK18 4PL,4.11,2.55
MK18 4RD,4.11,2.55
MK18 4PR,4.11,2.55
MK18 2BU,4.11,2.56
MK18 2BH,4.11,2.56
MK18 5DB,4.12,2.56
MK18 2BQ,4.12,2.56
MK18 4QZ,4.12,2.56
MK18 2BJ,4.13,2.57
MK18 4NP,4.13,2.57
MK18 2AZ,4.13,2.57
MK18 2AW,4.14,2.57
MK18 4PJ,4.14,2.57
MK18 5DH,4.14,2.57
MK18 2AX,4.14,2.57
MK18 2BT,4.15,2.58
MK18 5DY,4.15,2.58
MK18 5DD,4.16,2.58
MK18 2DB,4.17,2.59
MK18 4QU,4.18,2.59
MK18 4QX,4.18,2.60
MK18 2DD,4.18,2.60
MK18 5EF,4.19,2.61
MK18 2BX,4.20,2.61
MK18 2DE,4.20,2.61
MK18 2BF,4.21,2.62
MK18 4NR,4.24,2.64
MK18 4QR,4.25,2.64
MK18 4LQ,4.25,2.64
MK18 4PD,4.25,2.64
MK18 2DA,4.26,2.64
MK18 4QP,4.26,2.64
MK18 4NH,4.26,2.65
MK18 4PP,4.27,2.65
MK18 4QN,4.28,2.66
MK18 4QS,4.28,2.66
MK18 2BL,4.30,2.67
MK18 4QW,4.30,2.67
MK18 2AR,4.30,2.68
MK18 4PH,4.31,2.68
MK18 5NN,4.31,2.68
MK18 2EA,4.31,2.68
MK18 4NN,4.32,2.68
MK18 4DE,4.32,2.69
MK18 4QL,4.32,2.69
MK18 5EZ,4.35,2.70
MK18 4QJ,4.36,2.71
MK18 4NL,4.36,2.71
MK18 2DF,4.36,2.71
MK18 2AE,4.37,2.72
MK18 4RH,4.37,2.72
MK18 5DR,4.37,2.72
MK18 5DP,4.38,2.72
MK18 2AG,4.38,2.72
MK18 2DZ,4.38,2.72
MK18 5NW,4.38,2.72
MK18 2BS,4.39,2.73
MK18 4QH,4.40,2.73
MK18 2AQ,4.40,2.73
MK18 2GW,4.41,2.74
MK18 4QF,4.42,2.75
MK18 4QQ,4.44,2.76
MK18 2GT,4.44,2.76
MK18 2AS,4.45,2.76
MK18 4QE,4.46,2.77
MK18 5NR,4.46,2.77
MK18 5DQ,4.47,2.78
MK18 4NY,4.47,2.78
MK18 2AT,4.48,2.78
MK18 4DD,4.49,2.79
MK18 5DS,4.50,2.79
MK18 4QG,4.51,2.80
MK18 4NS,4.51,2.81
MK18 2DH,4.52,2.81
MK18 4QD,4.53,2.81
MK18 5AW,4.53,2.81
MK18 4QB,4.54,2.82
MK18 4QA,4.54,2.82
MK18 5DT,4.54,2.82
MK18 5DU,4.55,2.82
MK18 2AU,4.55,2.83
MK18 4BX,4.55,2.83
MK18 4NX,4.56,2.83
MK18 5NS,4.56,2.83
MK18 4NT,4.57,2.84
MK18 2DG,4.57,2.84
MK18 4PZ,4.58,2.84
MK18 4PA,4.58,2.85
MK18 4NU,4.61,2.86
MK18 4DW,4.62,2.87
MK18 4PT,4.62,2.87
MK18 4PS,4.62,2.87
MK18 2DQ,4.63,2.87
MK18 4BY,4.63,2.87
MK18 5DX,4.63,2.88
MK18 4RF,4.65,2.89
MK18 5NP,4.70,2.92
MK18 4RL,4.70,2.92
MK18 2HP,4.71,2.92
MK18 4PF,4.71,2.92
MK18 4BD,4.72,2.93
MK18 5JZ,4.73,2.94
MK18 2DL,4.76,2.96
MK18 2DJ,4.78,2.97
MK18 2BW,4.78,2.97
MK18 2DW,4.80,2.98
MK18 5AF,4.80,2.98
MK18 5EB,4.81,2.99
MK18 2DN,4.82,2.99
MK18 5NU,4.82,2.99
MK17 0HE,4.82,3.00
MK18 5NX,4.82,3.00
MK18 5LA,4.88,3.03
MK18 4PQ,4.91,3.05
MK18 4HB,4.92,3.06
MK18 5JY,4.94,3.07
MK18 2DR,4.96,3.08
MK18 5LD,4.98,3.09
MK18 2DP,5.02,3.12
MK18 4DA,5.07,3.15
MK18 2GF,5.10,3.17
MK18 4BZ,5.10,3.17
MK18 5NY,5.11,3.18
MK18 5JX,5.12,3.18
MK18 2DS,5.13,3.19
MK18 2JL,5.13,3.19
MK18 2EH,5.14,3.19
MK18 2DT,5.21,3.24
MK18 2DU,5.22,3.24
MK18 5NA,5.23,3.25
MK18 4ND,5.26,3.27
MK18 2HS,5.27,3.27
MK18 4JA,5.27,3.28
MK18 2BN,5.30,3.29
MK18 4DB,5.32,3.31
MK18 2DX,5.33,3.31
MK18 5AG,5.36,3.33
MK18 5AN,5.38,3.34
MK18 5NB,5.39,3.35
MK18 5LF,5.41,3.36
MK18 5LE,5.43,3.37
MK18 4JT,5.45,3.39
MK18 5EA,5.45,3.39
MK18 2JN,5.46,3.39
MK18 2HY,5.46,3.39
MK18 2JJ,5.46,3.39
MK18 5AH,5.47,3.40
MK18 5NZ,5.47,3.40
MK18 5LG,5.48,3.41
MK18 5AJ,5.50,3.42
MK18 2JH,5.50,3.42
MK18 2JQ,5.51,3.42
MK18 2HU,5.51,3.43
MK18 2HZ,5.52,3.43
MK18 4NA,5.53,3.43
MK18 5AQ,5.54,3.44
MK18 2JG,5.55,3.45
MK18 2JF,5.55,3.45
MK18 5LB,5.55,3.45
MK18 2HX,5.56,3.45
MK18 5AL,5.57,3.46
MK18 4LY,5.59,3.47
MK18 2HT,5.59,3.47
MK18 2GE,5.62,3.49
MK18 2EJ,5.62,3.49
MK18 2JA,5.65,3.51
MK18 4JS,5.65,3.51
MK18 4JR,5.65,3.51
MK17 0HF,5.66,3.52
MK17 0LH,5.66,3.52
MK18 4LJ,5.68,3.53
MK19 6DE,5.68,3.53
MK17 0HG,5.70,3.54
MK17 0HD,5.71,3.54
MK18 4LX,5.72,3.55
MK18 4LU,5.72,3.55
MK18 4AT,5.72,3.56
MK17 0HQ,5.73,3.56
MK18 2JD,5.75,3.57
MK18 5PA,5.77,3.59
MK17 0HJ,5.77,3.59
MK18 4AG,5.79,3.60
MK18 4LT,5.79,3.60
MK18 4LG,5.82,3.62
MK18 5AT,5.82,3.62
MK18 5AP,5.84,3.63
MK18 4LN,5.84,3.63
MK18 4DH,5.86,3.64
MK18 4LS,5.86,3.64
MK18 4LL,5.87,3.65
MK18 4LP,5.88,3.66
MK18 4BH,5.90,3.67
MK18 4LH,5.92,3.68
MK17 0NU,5.94,3.69
MK18 4LR,5.99,3.72
MK17 0NX,5.99,3.72
MK18 4AW,5.99,3.72
MK18 4AN,6.01,3.73
MK18 5LU,6.01,3.74
MK18 5LT,6.02,3.74
MK18 5BL,6.02,3.74
MK18 5AU,6.03,3.74
MK18 4AR,6.05,3.76
MK18 5AS,6.06,3.76
MK17 0HW,6.06,3.77
MK18 4NQ,6.06,3.77
MK18 5LX,6.09,3.78
MK18 4AP,6.09,3.79
MK18 2DY,6.11,3.79
MK18 5ND,6.11,3.80
MK18 4DU,6.15,3.82
MK19 6DA,6.19,3.84
MK18 5LY,6.23,3.87
MK18 4BE,6.24,3.88
MK18 5LZ,6.26,3.89
MK18 4BG,6.26,3.89
MK19 6DD,6.28,3.90
MK19 6DF,6.28,3.90
MK18 4JZ,6.28,3.90
MK18 4AL,6.28,3.90
MK18 5LJ,6.29,3.91
MK18 4DT,6.29,3.91
MK18 4BB,6.33,3.93
MK18 5LQ,6.34,3.94
MK18 4BW,6.34,3.94
MK18 2JE,6.34,3.94
MK18 4BQ,6.35,3.94
MK18 4AD,6.37,3.96
MK18 4AQ,6.40,3.97
MK18 4AS,6.44,4.00
MK17 0HB,6.46,4.01
MK18 5BB,6.48,4.02
MK18 4JU,6.48,4.02
MK18 5BF,6.49,4.04
MK18 2EN,6.54,4.07
MK17 0HA,6.58,4.09
MK18 4JX,6.59,4.09
MK18 5DZ,6.59,4.10
MK18 5BD,6.59,4.10
MK18 5AY,6.60,4.10
MK17 0HL,6.60,4.10
MK18 5BP,6.64,4.13
MK18 4JY,6.67,4.14
MK18 2GS,6.67,4.14
MK18 2GP,6.69,4.15
MK18 5NE,6.69,4.16
MK18 2GQ,6.76,4.20
MK19 6BY,6.77,4.20
MK18 2GR,6.77,4.21
MK18 5BS,6.78,4.21
MK18 5BE,6.79,4.22
MK18 2PG,6.80,4.23
MK18 2GN,6.84,4.25
MK18 5AR,6.85,4.26
MK18 4DP,6.88,4.27
MK18 2SA,6.89,4.28
MK18 2RR,6.89,4.28
MK18 2RH,6.95,4.32
MK18 2SB,6.95,4.32
MK18 2QD,6.96,4.32
MK18 5BH,6.96,4.33
NN13 5JP,6.96,4.33
MK18 4DL,6.96,4.33
MK18 2JS,6.97,4.33
MK18 4DR,6.97,4.33
MK18 2JT,6.97,4.33
MK18 2PF,6.97,4.33
MK18 2RP,6.98,4.34
MK18 2QQ,7.00,4.35
MK18 2PA,7.01,4.36
MK18 2PB,7.02,4.36
MK18 2NX,7.02,4.36
MK18 2PH,7.03,4.37
MK18 2RL,7.04,4.37
MK18 2NT,7.04,4.37
MK18 2RQ,7.06,4.39
NN13 5JZ,7.07,4.39
MK18 2PD,7.07,4.39
MK18 2QA,7.07,4.39
MK18 2RJ,7.07,4.39
MK18 2PQ,7.08,4.40
MK18 2PE,7.08,4.40
MK19 6BT,7.08,4.40
MK18 2HN,7.09,4.40
MK18 2QB,7.09,4.41
MK18 2FU,7.09,4.41
MK18 2QE,7.10,4.41
MK18 2JR,7.10,4.41
MK19 6BZ,7.11,4.42
MK18 2QL,7.11,4.42
MK18 2QJ,7.11,4.42
MK18 5LH,7.11,4.42
MK18 4DX,7.11,4.42
NN13 5JQ,7.12,4.42
MK18 2QT,7.12,4.42
MK18 2PU,7.12,4.43
MK18 2HJ,7.13,4.43
MK18 2QU,7.13,4.43
MK18 2GH,7.14,4.43
MK18 2LN,7.14,4.44
MK18 2PN,7.14,4.44
MK19 6BX,7.14,4.44
MK18 2QX,7.15,4.44
MK18 2PX,7.15,4.44
MK18 4LB,7.16,4.45
MK18 2QY,7.16,4.45
MK18 2QH,7.16,4.45
MK18 2NY,7.16,4.45
MK18 2GG,7.17,4.46
MK19 6BU,7.18,4.46
MK18 2QS,7.19,4.47
MK19 6BN,7.19,4.47
MK18 2NZ,7.19,4.47
MK19 6BW,7.20,4.47
MK18 2NW,7.20,4.47
MK18 2NS,7.20,4.48
MK18 2QP,7.21,4.48
MK18 2LW,7.21,4.48
MK17 0RF,7.21,4.48
MK18 2NU,7.21,4.48
MK18 2PY,7.22,4.48
MK18 2QR,7.23,4.49
MK18 2PZ,7.24,4.50
MK18 2NP,7.25,4.51
MK18 2PR,7.30,4.53
MK18 2NR,7.31,4.54
MK19 6BP,7.32,4.55
MK19 6EY,7.32,4.55
MK18 4LA,7.32,4.55
MK18 2PP,7.35,4.57
MK18 2QF,7.35,4.57
MK18 4DS,7.36,4.58
MK19 6BS,7.36,4.58
MK18 4AJ,7.38,4.58
MK18 2PT,7.38,4.59
MK18 4LD,7.40,4.60
MK18 2JP,7.41,4.61
MK18 2EP,7.42,4.61
MK18 2PS,7.43,4.62
MK18 4AU,7.43,4.62
MK18 2LH,7.44,4.62
MK17 0EZ,7.45,4.63
MK18 4LF,7.48,4.65
NN13 5TT,7.50,4.66
MK17 0HN,7.52,4.67
MK18 2JW,7.53,4.68
NN12 8GR,7.54,4.68
MK18 4DY,7.54,4.68
MK19 6DG,7.56,4.70
NN13 5PR,7.60,4.72
MK19 6DU,7.61,4.73
MK17 0RB,7.61,4.73
NN13 5JT,7.62,4.73
MK18 2LJ,7.64,4.74
MK18 5AX,7.65,4.75
MK18 2LB,7.65,4.75
NN13 5JW,7.66,4.76
MK18 4DZ,7.67,4.76
NN13 5NJ,7.69,4.78
MK18 2LA,7.71,4.79
MK18 4AH,7.72,4.80
MK17 0QY,7.72,4.80
NN13 5JR,7.72,4.80
NN13 5JJ,7.73,4.80
NN13 5UY,7.74,4.81
NN13 5LA,7.77,4.83
MK17 0RG,7.78,4.84
MK18 2JY,7.79,4.84
MK18 2ER,7.79,4.84
NN13 5JL,7.79,4.84
MK18 5BG,7.80,4.85
MK18 2JZ,7.80,4.85
MK17 0QN,7.80,4.85
NN13 5LB,7.81,4.85
NN13 5YA,7.81,4.85
MK18 5AZ,7.81,4.85
MK18 2LE,7.83,4.86
NN13 5JS,7.83,4.87
MK17 0RQ,7.84,4.87
MK18 4AX,7.84,4.87
MK17 0QU,7.86,4.88
MK17 0QL,7.86,4.88
NN13 5JN,7.89,4.90
NN13 5GW,7.89,4.90
MK17 0RH,7.90,4.91
MK18 4AY,7.91,4.91
MK17 0RA,7.92,4.92
MK18 5BQ,7.92,4.92
MK19 6DX,7.95,4.94
NN13 5LE,7.95,4.94
MK19 6EB,7.96,4.94
MK19 6DY,7.96,4.95
MK17 0QX,7.98,4.96
MK18 2ES,7.98,4.96
MK17 0QP,7.98,4.96
MK17 0EY,7.99,4.96
NN13 5BF,8.00,4.97
MK18 4LE,8.01,4.98
MK19 6BJ,8.01,4.98
MK17 0QW,8.02,4.98
NN12 8XN,8.02,4.98
MK19 6FW,8.03,4.99
MK19 6BH,8.04,4.99
MK18 4AZ,8.04,4.99
MK19 6JR,8.05,5.00
MK17 0QS,8.06,5.01
MK18 4ET,8.08,5.02
MK19 6DZ,8.09,5.02
MK17 0QR,8.09,5.03
MK17 0NL,8.12,5.04
MK17 0QE,8.12,5.05
MK18 2LD,8.13,5.05
MK17 0EX,8.14,5.06
MK17 0EU,8.15,5.06
MK17 0QH,8.15,5.06
MK18 4HE,8.15,5.06
MK19 6BL,8.17,5.08
MK18 4HA,8.17,5.08
MK17 0ET,8.18,5.08
MK18 4EX,8.18,5.08
MK18 2JX,8.18,5.08
MK18 4EU,8.19,5.09
MK18 3RS,8.19,5.09
MK18 3NA,8.21,5.10
MK17 0NP,8.23,5.12
MK17 0FQ,8.23,5.12
MK18 4EY,8.24,5.12
MK17 0EF,8.24,5.12
MK17 0NY,8.25,5.12
MK17 0QJ,8.26,5.13
MK18 4ES,8.26,5.14
MK17 0QQ,8.27,5.14
MK18 4EA,8.28,5.14
NN13 5RW,8.29,5.15
MK19 6JU,8.29,5.15
MK19 6JP,8.29,5.15
MK18 4FE,8.29,5.15
MK18 4ER,8.30,5.16
MK17 0ES,8.30,5.16
MK17 0QG,8.31,5.16
MK19 6EA,8.32,5.17
MK18 3LZ,8.34,5.18
MK18 2HH,8.34,5.18
MK17 0RD,8.34,5.18
MK17 0FG,8.35,5.19
MK17 0FH,8.35,5.19
MK17 0EN,8.36,5.19
NN12 8GZ,8.36,5.19
MK18 4EZ,8.36,5.20
MK17 0NH,8.37,5.20
MK19 6JS,8.37,5.20
MK19 6HZ,8.38,5.21
MK18 4EP,8.38,5.21
MK17 0QF,8.39,5.21
MK18 5BJ,8.40,5.22
MK17 0EP,8.40,5.22
MK19 6HG,8.41,5.23
MK17 0GN,8.42,5.23
MK19 6LH,8.43,5.24
MK19 6HF,8.44,5.24
MK19 6LJ,8.44,5.24
MK17 0ER,8.45,5.25
MK18 4BA,8.45,5.25
MK18 3LX,8.45,5.25
MK17 0FN,8.46,5.26
MK19 6HU,8.47,5.26
MK19 6HQ,8.47,5.26
MK19 6JF,8.47,5.26
MK17 0EJ,8.47,5.26
MK19 6JE,8.48,5.27
MK17 0FP,8.48,5.27
MK17 0FD,8.48,5.27
NN13 5TS,8.49,5.27
MK18 4EG,8.49,5.28
MK18 4EE,8.51,5.29
MK18 4ED,8.51,5.29
MK19 6HT,8.51,5.29
MK19 6FE,8.51,5.29
MK18 4EQ,8.52,5.29
MK17 0EW,8.52,5.30
NN13 5JH,8.53,5.30
MK18 2HB,8.54,5.30
MK19 6FD,8.54,5.31
MK19 6HJ,8.54,5.31
MK19 6JA,8.54,5.31
MK19 6LD,8.55,5.31
MK19 6JY,8.55,5.31
MK19 6HE,8.56,5.32
MK18 2ET,8.57,5.32
MK18 4EB,8.57,5.33
MK17 0EL,8.58,5.33
MK18 4EF,8.59,5.34
MK19 6HB,8.60,5.34
MK19 6HD,8.60,5.34
MK19 6HH,8.60,5.34
MK19 6JD,8.60,5.35
MK19 6HX,8.60,5.35
MK19 6FP,8.61,5.35
MK19 6GU,8.61,5.35
NN12 8TL,8.61,5.35
NN13 5RP,8.61,5.35
MK19 6JB,8.62,5.35
MK19 6JX,8.62,5.36
MK19 6HY,8.63,5.36
MK18 2EU,8.63,5.36
MK18 4EJ,8.64,5.37
MK19 6JZ,8.64,5.37
MK19 6HS,8.64,5.37
MK19 6JN,8.65,5.37
NN12 8FU,8.65,5.37
MK18 4EH,8.65,5.37
MK19 6JH,8.66,5.38
MK19 6GZ,8.66,5.38
MK19 6JL,8.67,5.39
MK18 3NB,8.67,5.39
MK19 6JJ,8.68,5.39
MK19 6JW,8.68,5.39
MK19 6FT,8.70,5.41
MK19 6HR,8.71,5.41
MK19 6HL,8.71,5.41
MK19 6JQ,8.71,5.41
MK18 3GH,8.71,5.41
NN12 8XL,8.72,5.42
MK19 6FA,8.72,5.42
NN12 8TN,8.73,5.43
MK19 6GN,8.74,5.43
MK19 6JG,8.74,5.43
MK19 6GP,8.74,5.43
MK19 6NF,8.77,5.45
MK19 6DS,8.77,5.45
MK18 4EL,8.79,5.46
MK19 6GA,8.80,5.47
MK19 6GY,8.80,5.47
MK19 6NG,8.80,5.47
NN13 5RG,8.80,5.47
MK18 4EN,8.80,5.47
MK19 6LR,8.81,5.48
OX27 9AF,8.82,5.48
NN12 8WP,8.82,5.48
MK18 3GX,8.83,5.49
MK19 6GR,8.83,5.49
MK19 6GQ,8.84,5.49
NN13 5RF,8.84,5.49
NN13 5RT,8.84,5.49
MK19 6LL,8.84,5.49
MK19 6GB,8.84,5.50
NN13 5RJ,8.84,5.50
MK19 6LW,8.85,5.50
NN13 5RS,8.86,5.50
MK18 3BW,8.86,5.50
MK18 3LY,8.86,5.50
MK19 6DT,8.86,5.51
NN12 8TJ,8.87,5.51
NN12 8QH,8.87,5.51
NN13 5TR,8.87,5.51
MK19 6GE,8.88,5.52
MK19 6GF,8.88,5.52
MK18 3GW,8.88,5.52
MK19 6HN,8.89,5.52
MK19 6HP,8.89,5.53
MK19 6LU,8.89,5.53
NN13 5YS,8.90,5.53
MK19 6LN,8.91,5.53
MK19 6LP,8.91,5.54
MK19 6GD,8.91,5.54
NN13 5TD,8.92,5.54
MK19 6GG,8.93,5.55
MK18 2LF,8.93,5.55
MK19 6LZ,8.93,5.55
MK19 6LT,8.93,5.55
MK18 3GZ,8.94,5.55
MK17 0EH,8.94,5.56
MK19 6GH,8.94,5.56
MK19 6HW,8.95,5.56
MK19 6LE,8.95,5.56
NN13 5RN,8.95,5.56
NN13 5RR,8.96,5.57
MK19 6LS,8.97,5.57
NN12 8GX,8.97,5.58
MK18 3GQ,8.99,5.59
MK19 6LX,9.00,5.59
MK19 6GL,9.00,5.59
MK18 3GR,9.00,5.59
NN13 5TP,9.01,5.60
MK19 6NA,9.01,5.60
MK19 6UX,9.01,5.60
MK19 6NB,9.02,5.60
MK18 3GP,9.02,5.61
MK19 6HA,9.02,5.61
MK18 3DX,9.02,5.61
MK18 2HD,9.03,5.61
MK18 2EY,9.03,5.61
MK19 6LY,9.03,5.61
OX27 9AN,9.04,5.62
MK18 3FZ,9.05,5.63
MK18 3GN,9.07,5.63
MK17 0NZ,9.07,5.64
MK18 3FY,9.08,5.64
MK19 6ND,9.08,5.64
MK19 6UZ,9.08,5.64
MK18 3DU,9.09,5.65
MK18 2EX,9.09,5.65
MK18 2GJ,9.10,5.65
MK18 3GL,9.11,5.66
MK18 3GE,9.11,5.66
OX27 8AG,9.11,5.66
MK19 6FB,9.11,5.66
MK18 3GD,9.12,5.66
MK19 6BF,9.12,5.66
MK18 3DE,9.12,5.67
NN13 5YD,9.13,5.67
MK18 3FU,9.13,5.67
MK18 3FX,9.13,5.67
NN12 7QU,9.13,5.68
MK18 3DY,9.15,5.69
MK18 3GJ,9.17,5.70
NN13 5RL,9.17,5.70
MK18 3QH,9.17,5.70
MK18 2HA,9.17,5.70
MK18 3FQ,9.17,5.70
MK18 2FA,9.17,5.70
MK18 3DT,9.18,5.70
MK19 6UY,9.18,5.71
MK19 6LG,9.19,5.71
NN13 5TX,9.19,5.71
MK18 3GF,9.19,5.71
MK18 2LY,9.20,5.71
MK18 3FD,9.20,5.72
MK18 3FW,9.20,5.72
MK18 3GG,9.21,5.73
MK18 3RG,9.22,5.73
MK18 3FJ,9.25,5.75
MK17 0PX,9.26,5.75
MK18 3DZ,9.26,5.76
MK18 3FP,9.27,5.76
MK18 3DB,9.27,5.76
OX27 9BG,9.27,5.76
MK18 3FH,9.28,5.76
MK18 3FT,9.28,5.76
MK18 3DL,9.28,5.77
MK18 3HA,9.29,5.77
MK18 3BL,9.29,5.77
MK18 3ES,9.29,5.77
MK18 3BY,9.29,5.78
MK18 2LZ,9.30,5.78
MK19 6JT,9.30,5.78
MK18 3EH,9.30,5.78
MK18 3BN,9.30,5.78
MK18 2FY,9.31,5.78
MK18 3FS,9.31,5.79
MK18 3DF,9.32,5.79
MK18 2GL,9.32,5.79
MK18 3EA,9.32,5.79
MK18 3DR,9.32,5.79
NN12 8XW,9.33,5.80
MK18 3AS,9.33,5.80
MK18 3FE,9.33,5.80
MK18 2LQ,9.34,5.80
MK18 3QW,9.34,5.80
MK18 2NN,9.35,5.81
MK18 3DN,9.35,5.81
NN13 5JF,9.35,5.81
MK18 3GA,9.35,5.81
MK18 4EW,9.36,5.81
MK18 3DJ,9.36,5.81
MK18 3RH,9.36,5.82
MK18 3RQ,9.36,5.82
MK18 3FR,9.37,5.82
MK18 2LX,9.37,5.82
MK18 3ND,9.37,5.82
MK18 3QZ,9.38,5.83
MK18 3AT,9.38,5.83
MK18 2NL,9.39,5.83
MK18 3DW,9.39,5.83
MK18 3DH,9.39,5.84
MK18 3QU,9.40,5.84
MK18 3RJ,9.40,5.84
MK18 3DP,9.40,5.84
MK18 2NA,9.41,5.85
MK18 3ER,9.41,5.85
MK18 3RX,9.41,5.85
MK18 3QJ,9.42,5.85
MK18 3BD,9.42,5.85
NN12 8XF,9.42,5.85
MK18 3BA,9.42,5.85
MK18 2NB,9.42,5.86
MK18 3QT,9.43,5.86
MK18 3EJ,9.43,5.86
MK18 3BH,9.43,5.86
MK18 3AZ,9.44,5.86
MK18 3EX,9.45,5.87
NN12 8XG,9.45,5.87
MK18 3NR,9.45,5.87
MK18 3AU,9.45,5.87
MK18 3DQ,9.46,5.88
MK18 3AR,9.46,5.88
MK18 2HR,9.47,5.88
MK18 2LT,9.47,5.89
MK18 2HE,9.48,5.89
MK18 3DS,9.48,5.89
MK18 3BX,9.49,5.89
MK18 3DG,9.49,5.90
MK18 2LU,9.49,5.90
NN13 5TU,9.49,5.90
MK18 2HQ,9.49,5.90
MK18 3PZ,9.50,5.90
MK18 3BJ,9.50,5.90
MK18 3BG,9.50,5.90
MK18 3FA,9.50,5.90
NN12 7QT,9.50,5.91
MK18 3GB,9.51,5.91
MK18 3JP,9.51,5.91
MK18 2ND,9.51,5.91
MK18 3EL,9.51,5.91
MK18 3AX,9.52,5.91
MK18 3EP,9.52,5.91
MK18 3BE,9.52,5.91
MK18 2HF,9.52,5.92
MK18 3QD,9.54,5.93
OX27 0BT,9.54,5.93
MK18 3PY,9.54,5.93
MK18 3ZX,9.54,5.93
MK18 2WW,9.54,5.93
MK18 3ED,9.54,5.93
MK18 3AW,9.55,5.93
OX27 0BQ,9.55,5.93
MK18 3AY,9.55,5.93
MK18 3QA,9.56,5.94
MK18 3YZ,9.56,5.94
MK18 3BB,9.56,5.94
NN12 8XE,9.56,5.94
MK18 3RD,9.57,5.95
NN12 8XJ,9.58,5.95
MK18 3NF,9.58,5.95
NN12 7QS,9.58,5.95
MK18 3AN,9.59,5.96
MK18 3AP,9.59,5.96
MK18 3EW,9.59,5.96
MK18 3QB,9.59,5.96
MK18 3HD,9.59,5.96
MK18 3BP,9.60,5.97
MK18 3HB,9.61,5.97
MK18 3LU,9.61,5.97
MK18 3QP,9.62,5.98
MK17 0NF,9.62,5.98
MK17 0PY,9.62,5.98
MK18 3AL,9.62,5.98
MK18 3LT,9.62,5.98
MK18 3PX,9.62,5.98
MK18 3FL,9.63,5.98
MK18 3HH,9.64,5.99
MK18 3HE,9.64,5.99
NN12 7QR,9.64,5.99
MK18 3HF,9.65,5.99
MK18 3LS,9.65,6.00
NN12 8UG,9.66,6.00
NN12 8TR,9.66,6.00
MK18 3NE,9.66,6.00
MK18 2FN,9.66,6.00
MK19 6BG,9.66,6.00
MK18 3BS,9.67,6.01
MK18 3EN,9.67,6.01
MK18 3AD,9.68,6.01
MK18 3EB,9.68,6.02
MK18 3JF,9.68,6.02
MK18 3AB,9.68,6.02
OX27 0JA,9.69,6.02
MK18 2FL,9.70,6.03
MK18 3BT,9.70,6.03
MK18 3AF,9.70,6.03
MK18 3BU,9.70,6.03
MK18 3JS,9.71,6.03
MK18 3AQ,9.71,6.03
MK18 3HP,9.71,6.03
MK18 3BQ,9.71,6.03
MK18 3JE,9.71,6.04
NN12 8XH,9.72,6.04
OX27 8EQ,9.72,6.04
MK18 3JT,9.73,6.05
MK18 2LS,9.73,6.05
MK18 3AJ,9.73,6.05
MK18 3AH,9.74,6.05
MK18 2FQ,9.74,6.05
MK17 0PT,9.74,6.06
NN12 8UA,9.75,6.06
MK18 3ET,9.75,6.06
MK19 6FS,9.76,6.06
OX27 9AE,9.76,6.07
OX27 0BN,9.76,6.07
NN13 5TH,9.76,6.07
MK17 0PU,9.77,6.07
NN12 8SZ,9.78,6.07
MK18 3HW,9.78,6.08
OX27 9AY,9.78,6.08
MK18 3FN,9.78,6.08
NN13 5HJ,9.78,6.08
MK17 0PZ,9.78,6.08
MK18 2FR,9.79,6.08
MK18 3RW,9.79,6.08
OX27 9AL,9.79,6.08
OX27 8EG,9.79,6.09
MK17 0PF,9.80,6.09
MK19 6DH,9.80,6.09
NN13 5HE,9.80,6.09
NN13 5HA,9.80,6.09
MK17 0PD,9.82,6.10
NN12 7QX,9.82,6.10
MK18 2FS,9.83,6.11
MK19 6DQ,9.83,6.11
NN12 8WD,9.83,6.11
MK18 3JG,9.83,6.11
MK18 3JB,9.84,6.11
MK18 2FW,9.84,6.11
OX27 0BW,9.84,6.12
MK18 3EU,9.85,6.12
MK18 2FG,9.85,6.12
MK17 0NR,9.85,6.12
MK18 3HX,9.85,6.12
MK18 3JU,9.86,6.12
NN13 5HW,9.86,6.13
NN12 8WH,9.86,6.13
NN12 8XZ,9.87,6.13
MK18 3JD,9.87,6.13
NN12 8TZ,9.87,6.13
MK18 3JA,9.87,6.13
MK18 2FX,9.88,6.14
MK18 3QR,9.88,6.14
MK18 2GD,9.89,6.14
MK18 3HL,9.89,6.14
MK18 3HZ,9.89,6.15
MK18 3HY,9.89,6.15
NN13 5HR,9.90,6.15
NN12 8WF,9.91,6.16
MK18 3JR,9.91,6.16
MK18 2FP,9.91,6.16
NN12 8UX,9.92,6.16
OX27 8EH,9.93,6.17
NN13 5HF,9.93,6.17
MK17 0FA,9.93,6.17
OX27 9BE,9.93,6.17
NN12 8TP,9.93,6.17
MK18 2FZ,9.94,6.18
NN13 5YE,9.94,6.18
MK18 2GB,9.95,6.18
MK18 3HU,9.95,6.18
MK18 3HN,9.95,6.18
NN12 8XD,9.97,6.19
MK18 3JW,9.97,6.19
MK18 3HR,9.97,6.19
MK18 2FD,9.97,6.19
NN12 8DH,9.98,6.20
OX27 0BS,9.98,6.20
NN12 8UL,9.99,6.21
MK18 2GA,9.99,6.21
NN12 8WG,9.99,6.21
OX27 9BA,9.99,6.21
MK18 3JQ,10.00,6.21
MK18 3HJ,10.00,6.21
OX27 9AZ,10.00,6.21
NN13 5YF,10.01,6.22
MK17 0PB,10.01,6.22
NN13 5HL,10.01,6.22
MK18 3HT,10.02,6.22
MK18 3HS,10.02,6.22
OX27 8AQ,10.02,6.23
MK18 2FJ,10.03,6.23
NN12 8TS,10.03,6.23
OX27 0BL,10.04,6.24
NN12 8UU,10.04,6.24
MK18 2FF,10.05,6.24
NN12 8UQ,10.05,6.25
MK18 2LR,10.05,6.25
NN12 8WQ,10.05,6.25
MK17 0PA,10.05,6.25
NN12 8XP,10.06,6.25
NN12 8QF,10.07,6.26
NN12 8WT,10.07,6.26
MK18 3NG,10.08,6.27
MK18 2NE,10.10,6.28
NN12 8UT,10.10,6.28
NN12 8XR,10.10,6.28
OX27 9BH,10.11,6.28
NN13 5JB,10.11,6.28
NN12 8WR,10.12,6.29
MK18 2LP,10.12,6.29
MK17 0PE,10.12,6.29
NN13 5JE,10.12,6.29
NN13 5JX,10.13,6.29
MK18 3JN,10.13,6.30
NN12 8TF,10.13,6.30
NN12 8ES,10.13,6.30
NN12 8US,10.13,6.30
NN12 8DG,10.14,6.30
MK17 0NQ,10.14,6.30
NN13 5HG,10.14,6.30
NN13 5HS,10.14,6.30
MK18 2NG,10.15,6.31
NN13 5HP,10.15,6.31
NN12 8XS,10.16,6.31
OX27 9AJ,10.16,6.32
OX27 8EE,10.16,6.32
NN13 5TY,10.17,6.32
MK18 2FB,10.17,6.32
NN12 8DL,10.17,6.32
NN12 8XQ,10.18,6.32
NN12 8WZ,10.19,6.33
NN12 8XU,10.19,6.33
MK18 2FE,10.20,6.34
MK19 6EG,10.21,6.35
MK18 2FH,10.21,6.35
OX27 8DQ,10.21,6.35
NN12 8DN,10.22,6.35
MK17 0NT,10.22,6.35
MK19 6NL,10.22,6.35
NN12 8DQ,10.23,6.35
OX27 9BB,10.23,6.36
NN13 5TQ,10.24,6.36
NN13 5JG,10.24,6.36
NN12 8DW,10.25,6.37
MK19 6BA,10.25,6.37
NN12 8TU,10.26,6.37
OX27 8DG,10.26,6.38
MK19 6NH,10.27,6.38
MK18 2EZ,10.27,6.38
OX27 8DH,10.28,6.39
NN13 5JD,10.29,6.40
MK17 0PG,10.30,6.40
MK19 6EQ,10.30,6.40
NN13 5HU,10.30,6.40
MK19 6NW,10.30,6.40
NN13 5TJ,10.30,6.40
MK17 0PS,10.30,6.40
MK18 3JH,10.31,6.41
MK18 2NF,10.32,6.41
MK19 6AX,10.33,6.42
NN12 8UH,10.33,6.42
OX27 8DN,10.33,6.42
NN13 5HH,10.34,6.43
NN13 5HN,10.35,6.43
OX27 8DW,10.36,6.44
MK19 6NN,10.36,6.44
NN13 5SA,10.36,6.44
NN13 5JA,10.36,6.44
NN13 5HQ,10.37,6.44
NN13 5JU,10.38,6.45
MK18 3JJ,10.38,6.45
NN12 8TQ,10.38,6.45
NN12 8TH,10.41,6.47
NN12 8UD,10.42,6.48
NN13 5HT,10.42,6.48
OX27 8DJ,10.43,6.48
NN12 8TT,10.43,6.48
MK19 6BE,10.43,6.48
NN12 8TX,10.45,6.49
MK19 6ED,10.45,6.49
NN12 8UN,10.45,6.49
NN12 8TG,10.45,6.49
OX27 8DR,10.45,6.49
MK19 6EE,10.46,6.50
OX27 8DL,10.46,6.50
OX27 8DP,10.47,6.50
NN12 8UW,10.47,6.51
NN12 8FP,10.47,6.51
MK19 6AY,10.47,6.51
MK19 6AZ,10.49,6.52
NN13 5TF,10.50,6.52
MK18 3JL,10.50,6.52
MK19 6BB,10.52,6.54
NN13 5TG,10.52,6.54
MK19 6FN,10.53,6.55
MK19 6EJ,10.54,6.55
NN13 5TE,10.55,6.55
OX27 8DF,10.55,6.56
NN12 8XA,10.56,6.56
NN12 8UF,10.56,6.56
MK19 6AJ,10.57,6.57
OX27 8EJ,10.58,6.57
MK19 6BD,10.58,6.58
NN12 8UR,10.59,6.58
MK19 6FL,10.59,6.58
NN12 8TD,10.59,6.58
MK11 1FH,10.59,6.58
OX27 0BJ,10.60,6.58
MK19 6AL,10.60,6.58
MK17 0HY,10.60,6.59
MK19 6AR,10.60,6.59
NN13 5TN,10.61,6.59
NN12 7QN,10.61,6.59
MK11 1YT,10.62,6.60
NN12 8UY,10.62,6.60
OX27 8DX,10.63,6.60
MK19 6AS,10.63,6.60
NN12 8WL,10.63,6.61
NN12 8UP,10.64,6.61
MK19 6FJ,10.64,6.61
MK19 6AT,10.65,6.62
NN12 8UE,10.65,6.62
MK19 6FH,10.66,6.62
MK19 6AW,10.66,6.63
OX27 0AX,10.66,6.63
NN12 8FE,10.67,6.63
OX27 8DD,10.67,6.63
NN12 7FA,10.67,6.63
MK11 1FG,10.67,6.63
NN12 6QW,10.68,6.64
MK17 0NG,10.69,6.64
MK11 1LB,10.69,6.64
MK17 0ND,10.69,6.64
MK11 1HD,10.69,6.64
OX27 8DS,10.70,6.65
MK19 6AP,10.70,6.65
NN12 6QP,10.70,6.65
NN13 7AL,10.71,6.65
MK19 6AH,10.71,6.65
OX27 8EL,10.71,6.65
NN12 7NG,10.71,6.65
NN12 8UB,10.71,6.66
MK19 6AN,10.71,6.66
MK11 1HZ,10.71,6.66
MK11 1HB,10.72,6.66
OX27 9AH,10.72,6.66
MK11 1LA,10.72,6.66
OX27 0AU,10.73,6.67
NN12 8UZ,10.73,6.67
NN13 7XU,10.73,6.67
MK17 0LZ,10.73,6.67
NN12 8UJ,10.74,6.67
MK17 0SS,10.74,6.68
NN12 7QL,10.75,6.68
NN12 7PP,10.75,6.68
MK19 6AA,10.75,6.68
MK19 6ES,10.76,6.69
NN13 7DX,10.77,6.69
MK19 6AQ,10.77,6.69
NN13 7BL,10.77,6.69
OX27 9AD,10.77,6.69
MK11 1JZ,10.77,6.69
NN13 7AX,10.77,6.69
OX27 8EB,10.78,6.70
OX27 8DU,10.78,6.70
MK11 1BQ,10.78,6.70
OX27 8ED,10.79,6.70
MK11 1JY,10.79,6.70
MK19 6AE,10.79,6.70
NN12 7PE,10.79,6.70
NN12 7PR,10.79,6.70
MK11 1LD,10.79,6.70
MK19 6FF,10.79,6.70
OX27 8DZ,10.79,6.71
OX27 9BD,10.80,6.71
OX27 9BX,10.80,6.71
MK17 0PH,10.80,6.71
MK11 1HL,10.80,6.71
NN13 7HY,10.80,6.71
NN12 7FB,10.80,6.71
MK17 0PR,10.80,6.71
MK11 1JU,10.80,6.71
NN13 7EZ,10.80,6.71
MK17 0LR,10.81,6.71
OX27 8EF,10.81,6.72
MK11 1FE,10.81,6.72
MK17 0NA,10.81,6.72
NN12 7FD,10.81,6.72
MK19 6AB,10.81,6.72
MK11 1HE,10.81,6.72
MK19 6FR,10.81,6.72
MK11 1BL,10.82,6.72
OX27 8EA,10.82,6.72
NN12 8XY,10.82,6.72
MK19 6EH,10.82,6.72
NN12 7PS,10.82,6.72
MK17 0LY,10.82,6.72
OX27 8DY,10.82,6.73
MK17 0LX,10.83,6.73
MK11 1JT,10.83,6.73
MK11 1AS,10.83,6.73
MK11 1BJ,10.83,6.73
MK11 1HN,10.83,6.73
MK11 1JR,10.84,6.73
NN13 7HX,10.84,6.73
NN13 7EX,10.84,6.74
NN12 7QD,10.84,6.74
NN12 7JS,10.84,6.74
NN13 5JY,10.84,6.74
NN13 7BP,10.84,6.74
MK11 1LE,10.84,6.74
OX27 8EN,10.84,6.74
MK19 6DL,10.84,6.74
NN13 7HD,10.85,6.74
NN12 7UZ,10.85,6.74
MK11 1HW,10.85,6.74
MK19 6EZ,10.86,6.75
NN12 7PL,10.86,6.75
MK11 1AP,10.86,6.75
MK11 1BE,10.86,6.75
NN13 7BJ,10.86,6.75
MK11 1JS,10.86,6.75
MK19 6AF,10.86,6.75
MK19 6FG,10.86,6.75
NN12 7PW,10.86,6.75
OX27 8EW,10.87,6.75
MK19 6NZ,10.87,6.75
MK19 6EL,10.87,6.75
MK11 1EZ,10.87,6.75
NN12 7PF,10.88,6.76
MK11 1HQ,10.88,6.76
NN13 5SR,10.88,6.76
MK19 6DJ,10.88,6.76
OX27 8DT,10.88,6.76
MK11 1FN,10.89,6.77
NN13 7HZ,10.89,6.77
MK11 1HJ,10.89,6.77
MK11 4DE,10.89,6.77
MK11 1AT,10.89,6.77
NN13 7ES,10.90,6.77
NN13 7JA,10.90,6.77
MK11 1BD,10.90,6.77
MK11 1AW,10.90,6.78
NN12 7QE,10.91,6.78
NN13 5SY,10.91,6.78
OX27 9AB,10.91,6.78
MK19 6AD,10.91,6.78
NN13 7EU,10.92,6.78
NN13 7LF,10.92,6.78
NN13 5SD,10.92,6.78
MK11 1JP,10.92,6.79
NN12 8XB,10.92,6.79
MK11 4DF,10.92,6.79
MK17 0LS,10.92,6.79
MK19 6AG,10.92,6.79
MK19 6EN,10.93,6.79
NN13 5SL,10.93,6.79
NN13 5SS,10.93,6.79
MK11 1AU,10.93,6.79
NN12 7PG,10.93,6.79
MK11 1YA,10.93,6.79
MK11 1JW,10.93,6.79
MK11 1AB,10.93,6.79
NN12 7QF,10.93,6.79
MK11 1FD,10.93,6.79
NN12 7PQ,10.94,6.79
MK11 4BW,10.94,6.80
MK19 6NT,10.94,6.80
MK11 1FB,10.94,6.80
NN12 7PN,10.94,6.80
NN13 5ST,10.94,6.80
MK18 3NQ,10.94,6.80
MK11 1AY,10.95,6.80
MK11 1BA,10.95,6.80
NN13 7BX,10.95,6.80
MK11 1BY,10.95,6.80
MK18 3NH,10.95,6.81
NN13 7NH,10.96,6.81
MK11 1AH,10.96,6.81
MK11 1LJ,10.96,6.81
NN13 7LE,10.96,6.81
MK11 1HH,10.96,6.81
NN13 7NL,10.96,6.81
MK11 4BS,10.96,6.81
MK11 1LF,10.96,6.81
MK11 1AJ,10.97,6.82
MK11 1HX,10.97,6.82
NN13 5SH,10.97,6.82
NN12 7QB,10.97,6.82
MK11 1ET,10.98,6.82
NN12 7GH,10.98,6.82
MK11 1EU,10.98,6.82
MK17 0LU,10.98,6.82
MK11 1HF,10.98,6.83
MK11 1AA,10.99,6.83
MK11 4DG,10.99,6.83
MK11 1LT,10.99,6.83
MK11 1EJ,10.99,6.83
MK11 1HG,10.99,6.83
NN13 7AW,10.99,6.83
MK11 1AQ,11.00,6.83
MK19 6DW,11.00,6.83
NN13 7BE,11.00,6.84
MK11 1HU,11.00,6.84
MK19 6EX,11.01,6.84
MK11 1HR,11.01,6.84
MK11 1SY,11.01,6.84
MK11 4DB,11.01,6.84
NN12 7PH,11.01,6.84
MK11 1FF,11.02,6.84
NN13 5RZ,11.02,6.85
MK11 1ES,11.02,6.85
MK11 1AF,11.02,6.85
MK11 1JN,11.02,6.85
NN13 7EA,11.02,6.85
NN13 5PU,11.02,6.85
NN13 7BZ,11.02,6.85
MK11 1FA,11.02,6.85
MK19 6NY,11.03,6.85
NN12 7PD,11.03,6.85
MK11 1LS,11.03,6.85
NN13 5SQ,11.03,6.86
MK11 1AE,11.04,6.86
NN13 5SE,11.04,6.86
NN12 7QA,11.04,6.86
NN12 7PT,11.04,6.86
NN13 5SU,11.04,6.86
MK11 4BH,11.04,6.86
MK11 4DD,11.04,6.86
MK11 4BN,11.05,6.86
MK19 6LA,11.05,6.87
MK11 1AR,11.05,6.87
MK11 1AG,11.05,6.87
MK11 1JX,11.06,6.87
MK11 1JL,11.06,6.87
MK11 1DZ,11.06,6.87
NN13 7BT,11.06,6.87
MK17 0LL,11.06,6.87
NN12 7QG,11.06,6.87
MK11 1JJ,11.07,6.88
MK11 1JA,11.07,6.88
NN12 7PZ,11.07,6.88
NN13 7EY,11.07,6.88
MK11 1BP,11.07,6.88
MK11 1BW,11.07,6.88
NN13 7NJ,11.07,6.88
MK11 1EX,11.07,6.88
MK18 3NU,11.07,6.88
MK11 4BT,11.07,6.88
NN12 7PJ,11.08,6.88
NN12 7PU,11.08,6.89
NN12 7QH,11.08,6.89
NN13 7BH,11.08,6.89
MK19 6DP,11.08,6.89
NN13 5TW,11.09,6.89
MK11 1FL,11.09,6.89
NN13 7BB,11.09,6.89
MK11 1LG,11.09,6.89
MK11 4DH,11.09,6.89
MK11 4DJ,11.09,6.89
MK11 4BP,11.10,6.89
MK11 1HA,11.11,6.90
MK11 1JQ,11.11,6.90
MK11 1BN,11.11,6.91
MK17 0LT,11.12,6.91
NN13 7EE,11.12,6.91
MK11 4BU,11.12,6.91
MK11 1BT,11.12,6.91
OX27 0AS,11.12,6.91
NN13 5WA,11.13,6.92
MK11 4DA,11.13,6.92
MK19 6FQ,11.13,6.92
MK11 4BX,11.13,6.92
MK11 1LH,11.13,6.92
MK11 4BZ,11.15,6.93
OX27 8HD,11.15,6.93
MK11 1EY,11.15,6.93
NN13 7EB,11.15,6.93
NN13 7BD,11.15,6.93
MK11 1PN,11.15,6.93
MK11 4BJ,11.15,6.93
NN13 5RQ,11.15,6.93
NN12 7NT,11.15,6.93
MK11 1DX,11.15,6.93
MK11 1JH,11.16,6.93
MK11 4BQ,11.16,6.93
MK11 4BY,11.16,6.94
MK11 1HT,11.16,6.94
MK11 4DL,11.16,6.94
NN13 7FG,11.17,6.94
NN13 7DQ,11.17,6.94
NN13 5SW,11.18,6.95
NN13 5RY,11.18,6.95
MK11 1JG,11.18,6.95
MK11 1FJ,11.18,6.95
NN12 7NU,11.19,6.95
NN13 7DU,11.19,6.95
MK11 1HY,11.20,6.96
MK11 1EA,11.20,6.96
MK11 4AT,11.20,6.96
MK11 1HP,11.20,6.96
NN13 7TY,11.20,6.96
NN13 7YH,11.21,6.96
NN13 7DJ,11.21,6.97
MK11 1ER,11.22,6.97
MK11 1JF,11.22,6.97
NN13 6QZ,11.22,6.97
MK18 3QS,11.22,6.97
MK17 0LW,11.23,6.98
MK11 1BS,11.23,6.98
NN13 7DB,11.23,6.98
MK17 0LP,11.24,6.98
MK18 3NJ,11.24,6.99
NN12 7PX,11.24,6.99
MK11 4AS,11.24,6.99
NN13 7DD,11.25,6.99
NN13 7DE,11.25,6.99
MK11 1DU,11.25,6.99
OX27 8ET,11.26,7.00
NN13 5GJ,11.26,7.00
MK11 1EB,11.26,7.00
NN13 5SG,11.27,7.00
HP18 0TS,11.27,7.00
MK11 4BL,11.27,7.00
MK11 1PW,11.27,7.00
NN13 7BF,11.27,7.01
NN12 8TE,11.28,7.01
NN13 7UG,11.28,7.01
NN13 5SJ,11.28,7.01
MK18 3DA,11.28,7.01
MK11 4AR,11.28,7.01
NN13 7BU,11.28,7.01
MK18 3LR,11.29,7.01
MK11 1ED,11.29,7.01
NN13 7BS,11.29,7.01
NN12 7NS,11.29,7.01
NN13 7ED,11.29,7.02
MK11 4AU,11.29,7.02
NN13 7DG,11.29,7.02
NN13 7DZ,11.30,7.02
NN13 7DA,11.30,7.02
OX27 8EU,11.31,7.03
MK11 1DS,11.31,7.03
NN13 7FH,11.31,7.03
MK11 1JD,11.31,7.03
NN13 5SX,11.31,7.03
MK11 1EP,11.32,7.03
MK11 4FH,11.32,7.03
MK11 4BR,11.32,7.04
NN13 7EL,11.32,7.04
MK11 1DT,11.33,7.04
MK17 0ST,11.33,7.04
MK11 1JE,11.33,7.04
NN13 5SF,11.33,7.04
NN12 7NF,11.34,7.04
MK11 1EE,11.34,7.04
MK11 1RB,11.34,7.05
NN13 7FB,11.34,7.05
NN13 7DF,11.35,7.05
MK11 1EF,11.35,7.05
MK11 1EQ,11.35,7.05
MK11 1NY,11.35,7.05
MK18 3NL,11.36,7.06
NN13 7HJ,11.36,7.06
MK11 1NZ,11.36,7.06
MK19 7BB,11.37,7.06
NN13 7BN,11.37,7.06
MK11 1EN,11.37,7.07
OX27 8EX,11.38,7.07
NN13 7TA,11.38,7.07
NN13 5SZ,11.38,7.07
MK11 4AQ,11.38,7.07
OX27 8ES,11.39,7.07
MK19 6EW,11.39,7.08
NN13 7EJ,11.39,7.08
MK11 1DR,11.39,7.08
NN13 7HH,11.40,7.08
MK11 1EG,11.40,7.08
NN13 7BW,11.40,7.09
NN13 7DR,11.40,7.09
NN13 7RP,11.41,7.09
NN12 6LH,11.41,7.09
NN13 7AU,11.41,7.09
MK11 4BA,11.41,7.09
NN13 6QX,11.41,7.09
NN13 7XY,11.42,7.09
NN12 7PY,11.42,7.09
HP18 0TT,11.42,7.10
MK11 1DW,11.43,7.10
NN13 6FF,11.43,7.10
MK11 4AY,11.43,7.10
MK11 4AA,11.44,7.11
MK11 1EH,11.44,7.11
NN13 7ET,11.44,7.11
MK11 1NX,11.44,7.11
NN13 7AT,11.44,7.11
MK11 4AZ,11.44,7.11
MK11 1EW,11.45,7.11
MK11 1DP,11.45,7.11
MK18 3NN,11.45,7.11
NN13 5PT,11.45,7.11
MK11 4AB,11.45,7.12
HP18 0XL,11.45,7.12
MK11 1EL,11.46,7.12
MK11 4AW,11.46,7.12
MK11 4AF,11.46,7.12
HP18 0TU,11.46,7.12
NN13 6PH,11.46,7.12
MK11 1NU,11.46,7.12
NN12 7NJ,11.46,7.12
NN13 7US,11.46,7.12
MK11 4AD,11.47,7.12
MK11 2AB,11.47,7.13
NN13 6DX,11.47,7.13
NN13 6QY,11.47,7.13
MK11 1DJ,11.47,7.13
NN13 7AS,11.47,7.13
NN13 7WD,11.47,7.13
NN13 9BG,11.47,7.13
NN13 9BL,11.47,7.13
NN13 9BQ,11.47,7.13
NN13 9BT,11.47,7.13
NN13 9BU,11.47,7.13
NN13 9BW,11.47,7.13
MK11 4AG,11.47,7.13
NN13 6UZ,11.47,7.13
NN13 7ZA,11.47,7.13
NN13 6WJ,11.47,7.13
NN13 6YF,11.47,7.13
NN13 6YL,11.47,7.13
NN13 7AA,11.47,7.13
NN13 5WY,11.47,7.13
NN13 5YG,11.47,7.13
NN13 5FF,11.47,7.13
NN13 9AZ,11.47,7.13
NN13 7DW,11.48,7.13
NN13 7DH,11.48,7.13
MK11 1DQ,11.48,7.13
NN13 7EH,11.48,7.13
NN12 7NE,11.48,7.13
MK11 4AE,11.48,7.13
NN13 6DE,11.48,7.14
NN13 6DA,11.48,7.14
MK11 1DN,11.48,7.14
MK11 4AX,11.48,7.14
NN12 7ND,11.49,7.14
MK11 4AH,11.49,7.14
NN12 7NZ,11.49,7.14
NN13 7DY,11.49,7.14
NN13 7AZ,11.49,7.14
NN13 7DS,11.49,7.14
NN13 7AD,11.49,7.14
NN13 7NR,11.50,7.14
NN13 6BF,11.50,7.14
NN13 6QU,11.50,7.14
NN13 6FE,11.50,7.15
NN13 7EG,11.50,7.15
NN13 7FA,11.50,7.15
MK11 4BB,11.50,7.15
MK11 1DL,11.50,7.15
NN13 6FG,11.51,7.15
NN13 6FJ,11.51,7.15
NN13 7EF,11.51,7.15
NN12 7BF,11.51,7.15
NN13 7HG,11.51,7.15
MK11 4AJ,11.51,7.15
NN13 6BT,11.51,7.15
NN13 6PG,11.51,7.15
NN13 6EH,11.52,7.16
MK11 4BG,11.52,7.16
NN13 5GL,11.52,7.16
NN13 7ZX,11.52,7.16
NN13 6QW,11.52,7.16
MK18 3NW,11.53,7.16
MK11 1DH,11.53,7.16
NN12 7NX,11.53,7.16
NN13 7GA,11.53,7.16
MK11 1PA,11.53,7.16
HP18 0TY,11.53,7.17
NN13 5SP,11.53,7.17
OX27 8RH,11.53,7.17
NN13 6EL,11.53,7.17
MK11 4AL,11.54,7.17
MK18 3NS,11.54,7.17
MK11 2AG,11.54,7.17
NN13 6DB,11.54,7.17
MK11 4AN,11.54,7.17
MK18 3NT,11.54,7.17
OX27 8HA,11.54,7.17
MK11 1NR,11.54,7.17
NN12 7NB,11.55,7.17
NN13 6EZ,11.55,7.18
NN13 7EW,11.55,7.18
NN13 6BX,11.55,7.18
MK11 4BE,11.55,7.18
MK11 2AA,11.56,7.18
NN13 7HA,11.56,7.18
MK11 2AF,11.56,7.18
NN13 7AJ,11.56,7.18
NN13 7DT,11.56,7.18
MK11 1DG,11.56,7.18
NN13 5GN,11.56,7.19
NN13 6FH,11.57,7.19
HP18 0TR,11.57,7.19
MK11 1DD,11.57,7.19
NN13 7AB,11.57,7.19
MK11 1DB,11.57,7.19
NN13 6EF,11.57,7.19
NN13 6JU,11.57,7.19
MK11 1DF,11.58,7.19
NN13 5AU,11.58,7.19
NN13 5RX,11.58,7.20
MK11 2BN,11.58,7.20
MK11 1NS,11.59,7.20
NN12 7NY,11.59,7.20
NN12 7GA,11.59,7.20
HP18 0TZ,11.59,7.20
MK18 3NP,11.59,7.20
MK11 1NT,11.60,7.21
NN13 7HP,11.60,7.21
NN13 6ED,11.60,7.21
NN13 6AL,11.60,7.21
NN13 5GB,11.60,7.21
NN13 5GF,11.60,7.21
NN13 7EP,11.60,7.21
MK11 1DA,11.60,7.21
NN13 7FD,11.60,7.21
MK11 1NJ,11.61,7.21
NN13 6FY,11.61,7.21
NN13 6QQ,11.61,7.21
NN13 6BW,11.61,7.21
NN13 7EN,11.61,7.21
MK11 4AP,11.61,7.22
MK11 4BF,11.62,7.22
OX27 8EY,11.62,7.22
MK19 6NR,11.62,7.22
NN13 6BU,11.62,7.22
MK17 0EQ,11.62,7.22
NN13 7BA,11.62,7.22
NN13 7GG,11.63,7.22
MK11 4BD,11.63,7.22
NN13 6EE,11.63,7.22
MK11 2BL,11.63,7.23
MK11 1NH,11.63,7.23
NN13 7DP,11.63,7.23
MK11 2AD,11.63,7.23
OX27 0AF,11.63,7.23
NN13 7BG,11.63,7.23
MK11 1NP,11.64,7.23
NN13 7FE,11.64,7.23
NN13 5TL,11.64,7.24
NN12 8TB,11.64,7.24
NN13 7ER,11.64,7.24
NN13 6QA,11.65,7.24
NN13 7NN,11.65,7.24
NN13 7HF,11.65,7.24
NN13 6PD,11.65,7.24
NN13 7HE,11.65,7.24
NN12 7NR,11.65,7.24
OX27 8EZ,11.66,7.24
NN12 7GB,11.66,7.24
NN12 7NA,11.66,7.24
MK11 1DE,11.66,7.24
MK11 2AE,11.66,7.25
MK11 1NW,11.67,7.25
MK11 2AH,11.67,7.25
NN13 7FF,11.67,7.25
NN12 7LL,11.67,7.25
NN13 6DF,11.68,7.25
OX27 0AP,11.68,7.26
NN13 5SB,11.68,7.26
NN13 6EJ,11.68,7.26
NN13 6BY,11.68,7.26
NN13 5GG,11.68,7.26
HP18 0TP,11.69,7.26
MK8 1BU,11.69,7.27
NN13 6EN,11.70,7.27
NN13 6BZ,11.70,7.27
NN13 6BE,11.70,7.27
NN13 6DD,11.70,7.27
NN13 6QB,11.70,7.27
HP18 0AF,11.70,7.27
NN13 6AN,11.71,7.27
NN13 6DU,11.71,7.28
NN13 7AG,11.71,7.28
NN13 6BQ,11.71,7.28
MK19 6EU,11.72,7.28
MK11 1NN,11.72,7.28
NN12 7PB,11.72,7.28
NN13 6GS,11.72,7.28
NN13 6AU,11.72,7.28
MK8 1BW,11.72,7.29
NN13 6FB,11.73,7.29
OX27 0HN,11.73,7.29
MK17 0LN,11.73,7.29
NN13 6EQ,11.73,7.29
NN13 5GD,11.73,7.29
OX27 0HP,11.73,7.29
NN12 7NN,11.73,7.29
OX27 0HL,11.73,7.29
HP18 0QW,11.74,7.30
MK11 1NL,11.74,7.30
NN13 6PE,11.74,7.30
NN13 6PB,11.75,7.30
NN13 6AW,11.75,7.30
NN13 7EQ,11.75,7.30
NN13 6GR,11.75,7.30
MK8 1DP,11.75,7.30
NN12 7NH,11.75,7.30
MK11 1PD,11.75,7.30
NN13 6BP,11.76,7.30
OX27 0AR,11.76,7.31
NN13 6BB,11.76,7.31
MK19 7BD,11.76,7.31
MK11 3ES,11.77,7.31
NN13 6EG,11.77,7.31
NN13 6AJ,11.77,7.31
MK11 2BB,11.77,7.31
NN13 6GT,11.77,7.32
MK8 1DN,11.77,7.32
MK11 3ER,11.77,7.32
NN13 5SN,11.78,7.32
OX27 9AU,11.78,7.32
NN13 6FX,11.78,7.32
MK11 1PB,11.78,7.32
HP18 0TW,11.78,7.32
NN13 6PA,11.78,7.32
OX27 8AW,11.78,7.32
MK11 2BJ,11.79,7.32
NN13 6PJ,11.79,7.32
NN13 5GE,11.79,7.33
NN13 6BS,11.79,7.33
MK8 1DH,11.79,7.33
MK11 3HL,11.79,7.33
OX27 0HH,11.79,7.33
NN13 6LR,11.80,7.33
NN12 7NQ,11.80,7.33
MK11 2BA,11.81,7.34
NN12 8TW,11.81,7.34
MK17 0QB,11.81,7.34
OX27 8SU,11.82,7.34
OX27 9BJ,11.82,7.34
NN13 6QL,11.82,7.34
MK17 0PP,11.82,7.34
NN13 6PF,11.82,7.35
MK11 2BH,11.82,7.35
NN13 6AH,11.82,7.35
OX27 9BN,11.83,7.35
OX27 0HR,11.83,7.35
NN13 6EY,11.83,7.35
MK8 1DE,11.84,7.35
OX27 0GA,11.84,7.35
MK8 1DL,11.84,7.36
MK8 1BZ,11.84,7.36
MK8 1BX,11.85,7.36
NN12 7NL,11.85,7.36
OX27 9BQ,11.85,7.36
OX27 0HW,11.85,7.36
MK8 1DG,11.85,7.37
MK8 1DJ,11.86,7.37
MK18 3LB,11.86,7.37
NN13 6AP,11.86,7.37
NN13 6LP,11.87,7.37
NN13 6EU,11.87,7.37
OX27 9DA,11.87,7.38
MK11 3ET,11.87,7.38
MK19 6EP,11.87,7.38
OX27 9BZ,11.87,7.38
MK8 1ER,11.88,7.38
MK5 6NA,11.88,7.38
MK11 3EU,11.88,7.38
OX27 9AA,11.88,7.38
NN13 6AQ,11.88,7.38
NN13 6BA,11.88,7.38
HP18 0QN,11.89,7.39
MK8 0WS,11.90,7.39
MK8 0DE,11.90,7.39
MK19 7ZS,11.90,7.39
MK14 6UX,11.90,7.39
MK13 9ZH,11.90,7.39
MK13 8WX,11.90,7.39
MK13 8XN,11.90,7.39
MK13 0ZG,11.90,7.39
MK12 5NY,11.90,7.39
MK12 6XN,11.90,7.39
MK12 6ZS,11.90,7.39
MK11 3AA,11.90,7.39
MK11 3LF,11.90,7.39
MK11 9GD,11.90,7.39
MK19 6BQ,11.90,7.39
MK19 6UW,11.90,7.39
MK11 9JA,11.90,7.39
MK11 9EE,11.90,7.39
MK11 9EQ,11.90,7.39
MK11 9ER,11.90,7.39
MK11 9FH,11.90,7.39
MK11 9GA,11.90,7.39
MK11 9GB,11.90,7.39
MK11 9GE,11.90,7.39
MK11 9GH,11.90,7.39
MK11 9GL,11.90,7.39
MK11 9GN,11.90,7.39
MK11 9GP,11.90,7.39
MK11 9GT,11.90,7.39
MK11 9HN,11.90,7.39
MK11 9NG,11.90,7.39
MK12 5ZQ,11.90,7.39
MK11 9HQ,11.90,7.39
MK19 6XB,11.90,7.39
NN12 7PA,11.90,7.39
MK11 9GR,11.90,7.39
MK11 9JG,11.90,7.39
MK19 6XD,11.90,7.39
MK11 9JU,11.90,7.39
MK11 9JY,11.90,7.39
MK11 9LR,11.90,7.39
MK11 9LS,11.90,7.39
MK11 9LU,11.90,7.39
MK11 9NE,11.90,7.39
MK11 9NF,11.90,7.39
MK11 9NJ,11.90,7.39
MK11 9NL,11.90,7.39
MK11 9NN,11.90,7.39
NN13 6EP,11.90,7.39
MK5 6LZ,11.90,7.40
MK17 0PJ,11.90,7.40
NN12 7LZ,11.90,7.40
MK8 0PU,11.90,7.40
OX27 0HT,11.91,7.40
NN12 7NW,11.91,7.40
NN13 6LB,11.91,7.40
NN13 6ER,11.91,7.40
OX27 0HJ,11.92,7.40
NN13 6LD,11.92,7.41
OX27 9BL,11.92,7.41
MK8 1DZ,11.92,7.41
MK4 4SX,11.92,7.41
NN13 6EW,11.92,7.41
OX27 9AW,11.92,7.41
NN13 6ES,11.92,7.41
MK8 1DF,11.93,7.41
OX27 9BY,11.93,7.41
MK8 1AX,11.93,7.41
NN13 6LH,11.93,7.41
NN13 5RH,11.93,7.41
MK5 6NB,11.94,7.42
NN13 6LN,11.94,7.42
OX27 9AP,11.94,7.42
MK8 1DB,11.94,7.42
OX27 9AR,11.94,7.42
OX27 8AP,11.94,7.42
MK8 0PQ,11.94,7.42
NN13 6AS,11.94,7.42
MK8 1EA,11.94,7.42
MK12 5EW,11.94,7.42
MK11 2BD,11.94,7.42
NN13 6AR,11.95,7.42
NN12 6LQ,11.95,7.42
NN13 6BG,11.95,7.42
MK8 1AW,11.95,7.42
MK4 4SZ,11.95,7.43
MK18 3JX,11.95,7.43
OX27 9AG,11.95,7.43
MK4 4TZ,11.96,7.43
MK19 6ET,11.96,7.43
MK4 4JP,11.96,7.43
MK8 1DA,11.96,7.43
MK12 5ZD,11.96,7.43
MK8 1AZ,11.97,7.44
MK4 4SY,11.97,7.44
OX26 5AB,11.97,7.44
MK11 2BE,11.97,7.44
NN13 5PX,11.97,7.44
OX27 9AT,11.97,7.44
NN13 6EX,11.97,7.44
MK12 5PR,11.98,7.44
NN13 5RA,11.98,7.44
MK5 6AJ,11.98,7.44
NN13 6AG,11.98,7.44
MK8 1DD,11.98,7.44
NN13 6LL,11.98,7.44
NN13 6LS,11.98,7.45
MK8 0PR,11.98,7.45
NN13 6GW,11.98,7.45
NN12 8FS,11.98,7.45
NN13 6GX,11.99,7.45
OX27 0HY,11.99,7.45
HP18 0TX,11.99,7.45
NN13 6ET,11.99,7.45
OX27 0HS,11.99,7.45
NN13 6GD,11.99,7.45
NN13 6LJ,11.99,7.45
OX27 9AQ,11.99,7.45
MK8 1AG,11.99,7.45
MK4 4TW,12.00,7.46
NN13 6AT,12.00,7.46
MK8 0PS,12.00,7.46
NN13 6GB,12.01,7.46
NN13 6AY,12.01,7.46
NN13 6LA,12.01,7.46
MK8 1BA,12.01,7.47
MK8 1BB,12.01,7.47
MK5 6FY,12.02,7.47
HP18 0TN,12.02,7.47
NN13 6JQ,12.02,7.47
OX27 9BP,12.02,7.47
NN13 6LQ,12.02,7.47
MK12 5RE,12.02,7.47
NN13 6AF,12.03,7.47
MK8 1AT,12.03,7.47
MK4 4GP,12.03,7.47
NN13 6JS,12.03,7.47
MK8 1EQ,12.03,7.48
MK18 3LE,12.03,7.48
NN12 7LQ,12.03,7.48
MK11 3LL,12.03,7.48
MK11 2BG,12.03,7.48
NN13 6GU,12.03,7.48
MK4 4TX,12.04,7.48
NN13 6JH,12.04,7.48
MK11 3HR,12.04,7.48
MK5 6BF,12.04,7.48
MK4 4JL,12.04,7.48
MK4 4GQ,12.04,7.48
MK8 0PJ,12.04,7.48
MK11 3EW,12.04,7.48
MK8 0PG,12.04,7.48
MK4 4TY,12.04,7.48
MK12 5EU,12.04,7.48
NN13 6GE,12.05,7.49
MK5 6FU,12.05,7.49
MK4 4EQ,12.05,7.49
MK8 0PT,12.05,7.49
MK5 6AH,12.05,7.49
OX27 9BF,12.05,7.49
MK12 5NZ,12.05,7.49
MK8 0PH,12.05,7.49
NN13 6JY,12.06,7.49
NN13 6AB,12.06,7.49
MK11 3LH,12.06,7.49
MK17 0SP,12.06,7.49
MK4 4TU,12.06,7.49
MK8 0PY,12.06,7.49
NN13 6JX,12.06,7.50
OX27 0HQ,12.07,7.50
MK11 2BQ,12.07,7.50
NN13 6AE,12.07,7.50
NN13 6AZ,12.07,7.50
MK4 4JQ,12.07,7.50
NN13 6GA,12.07,7.50
MK8 1AQ,12.08,7.51
MK8 1AY,12.08,7.51
MK8 1DT,12.08,7.51
MK11 3EA,12.08,7.51
MK8 0PW,12.08,7.51
HP18 0TL,12.08,7.51
OX27 9AX,12.08,7.51
MK4 4ES,12.08,7.51
MK8 1AS,12.08,7.51
NN13 6LF,12.08,7.51
MK4 4TT,12.09,7.51
MK5 6FZ,12.09,7.51
MK8 0PL,12.09,7.51
MK4 4JN,12.09,7.51
MK8 1AR,12.09,7.51
MK8 0NZ,12.10,7.52
MK4 4GR,12.10,7.52
NN13 6LT,12.10,7.52
NN13 6LG,12.10,7.52
NN13 6JP,12.10,7.52
MK8 1BT,12.10,7.52
MK8 1BR,12.10,7.52
NN13 5GH,12.11,7.52
NN13 6QT,12.11,7.52
NN13 6LE,12.11,7.52
MK8 1EN,12.11,7.53
NN13 6JT,12.11,7.53
NN13 6JG,12.12,7.53
MK4 4EL,12.12,7.53
MK12 6LQ,12.12,7.53
MK8 1AN,12.12,7.53
MK8 0PP,12.12,7.53
MK5 6GB,12.12,7.53
NN13 6AD,12.12,7.53
NN13 6ND,12.12,7.53
NN13 6JN,12.12,7.53
MK12 5TH,12.13,7.53
MK8 1AP,12.13,7.54
MK12 5NE,12.13,7.54
OX27 9AS,12.13,7.54
NN13 6LX,12.13,7.54
HP18 0TH,12.13,7.54
MK17 0SX,12.14,7.54
OX27 0ES,12.14,7.54
MK8 0PN,12.14,7.54
NN13 6JL,12.14,7.55
MK8 1DX,12.14,7.55
MK5 6LX,12.14,7.55
MK8 0NY,12.14,7.55
MK5 6LY,12.14,7.55
NN12 6LG,12.15,7.55
MK5 6GA,12.15,7.55
OX27 9BS,12.15,7.55
MK4 4EP,12.15,7.55
NN13 6QR,12.16,7.55
MK8 0LZ,12.16,7.55
MK8 0NP,12.16,7.56
NN13 6NB,12.16,7.56
MK18 3LA,12.16,7.56
MK17 0SW,12.16,7.56
MK4 4EJ,12.16,7.56
NN13 6NA,12.16,7.56
MK8 0PA,12.16,7.56
MK8 1BS,12.16,7.56
MK4 4JT,12.17,7.56
MK8 1EF,12.17,7.56
MK12 6LG,12.17,7.56
MK8 1AH,12.17,7.56
MK8 1AL,12.17,7.56
MK4 4TQ,12.17,7.56
MK17 0SR,12.17,7.56
NN13 6LZ,12.17,7.56
MK8 0PB,12.18,7.57
NN13 6LU,12.18,7.57
OX27 0AW,12.18,7.57
MK4 4HB,12.18,7.57
MK8 1AJ,12.18,7.57
OX27 0HZ,12.18,7.57
OX27 0ET,12.19,7.57
MK8 0NX,12.19,7.57
MK12 6LH,12.19,7.57
MK4 4HA,12.19,7.57
MK12 6LF,12.19,7.58
NN13 6AA,12.19,7.58
OX27 0HG,12.20,7.58
MK8 1DS,12.20,7.58
OX27 0EN,12.20,7.58
MK4 4HD,12.20,7.58
MK8 1AU,12.20,7.58
MK11 3JB,12.20,7.58
MK12 5NX,12.20,7.58
MK8 0PD,12.20,7.58
MK4 4ER,12.20,7.58
MK11 3HB,12.20,7.58
MK12 5NF,12.20,7.58
MK4 4GS,12.21,7.58
HP18 0TJ,12.21,7.58
MK8 1EB,12.21,7.58
OX27 0AT,12.21,7.59
MK8 0NW,12.21,7.59
NN13 6AX,12.21,7.59
NN13 6LW,12.21,7.59
NN13 6FU,12.21,7.59
MK11 3DP,12.21,7.59
MK8 0NT,12.21,7.59
MK4 4HN,12.21,7.59
MK4 4HU,12.21,7.59
NN13 6QS,12.22,7.59
NN13 6JR,12.22,7.59
NN13 6HX,12.22,7.59
MK4 4TS,12.22,7.59
MK8 0NS,12.22,7.59
NN13 6HD,12.22,7.59
MK8 1EH,12.22,7.59
MK4 4GX,12.22,7.60
MK4 4DA,12.22,7.60
MK12 5RT,12.23,7.60
NN13 6NE,12.23,7.60
MK12 5TS,12.23,7.60
OX26 5EL,12.23,7.60
MK4 4HW,12.23,7.60
MK12 5NW,12.23,7.60
NN13 6NF,12.23,7.60
MK4 4EB,12.23,7.60
NN13 6QP,12.23,7.60
MK4 4HJ,12.24,7.60
MK11 3HA,12.24,7.61
MK12 6LJ,12.24,7.61
MK4 4GW,12.24,7.61
MK4 4HR,12.24,7.61
MK8 0NN,12.25,7.61
MK8 1DU,12.25,7.61
NN13 6FN,12.25,7.61
MK4 4ED,12.26,7.61
MK11 3LJ,12.26,7.62
MK4 4EA,12.26,7.62
OX27 0AH,12.26,7.62
MK4 4HF,12.26,7.62
NN13 7AF,12.26,7.62
NN13 6HU,12.26,7.62
NN13 6NH,12.27,7.62
NN13 6JJ,12.27,7.62
MK8 0PE,12.27,7.62
MK77 1AA,12.27,7.62
MK77 1AB,12.27,7.62
MK77 1AD,12.27,7.62
MK77 1AE,12.27,7.62
MK77 1AN,12.27,7.62
MK77 1AS,12.27,7.62
MK77 1AU,12.27,7.62
MK77 1AW,12.27,7.62
MK77 1AX,12.27,7.62
MK77 1AY,12.27,7.62
MK77 1AZ,12.27,7.62
MK77 1BA,12.27,7.62
MK77 1BB,12.27,7.62
MK77 1BD,12.27,7.62
MK77 1BE,12.27,7.62
MK77 1BL,12.27,7.62
MK77 1BS,12.27,7.62
MK77 1DD,12.27,7.62
MK77 1DL,12.27,7.62
MK77 1ES,12.27,7.62
MK77 1EW,12.27,7.62
MK77 1FF,12.27,7.62
MK77 1FN,12.27,7.62
MK77 1FP,12.27,7.62
MK77 1HQ,12.27,7.62
MK77 1JL,12.27,7.62
MK77 1LG,12.27,7.62
MK77 1LJ,12.27,7.62
MK77 1LX,12.27,7.62
MK77 1NF,12.27,7.62
MK77 1NS,12.27,7.62
MK77 1NT,12.27,7.62
MK77 1NU,12.27,7.62
MK77 1NW,12.27,7.62
MK77 1PH,12.27,7.62
MK77 1PS,12.27,7.62
MK77 1QA,12.27,7.62
MK77 1RB,12.27,7.62
MK77 1RG,12.27,7.62
MK77 1RP,12.27,7.62
MK77 1RS,12.27,7.62
MK77 1RZ,12.27,7.62
MK77 1SA,12.27,7.62
MK77 1SF,12.27,7.62
MK77 1SP,12.27,7.62
MK77 1SR,12.27,7.62
MK77 1SW,12.27,7.62
MK77 1SZ,12.27,7.62
MK77 1TA,12.27,7.62
MK77 1TE,12.27,7.62
MK77 1TF,12.27,7.62
MK77 1TJ,12.27,7.62
MK77 1TQ,12.27,7.62
MK77 1TS,12.27,7.62
MK77 1TW,12.27,7.62
MK77 1TX,12.27,7.62
MK77 1UA,12.27,7.62
MK77 1UB,12.27,7.62
MK77 1UF,12.27,7.62
MK77 1WB,12.27,7.62
MK77 1XY,12.27,7.62
MK77 1ZA,12.27,7.62
MK4 4HP,12.27,7.63
OX27 0EP,12.27,7.63
NN13 5QX,12.27,7.63
MK4 4GU,12.27,7.63
MK8 0ND,12.28,7.63
NN13 6HZ,12.28,7.63
NN13 6NG,12.28,7.63
NN13 6GG,12.28,7.63
MK8 1ED,12.28,7.63
NN13 6HS,12.28,7.63
NN13 6GF,12.28,7.63
NN13 6FW,12.28,7.63
NN13 6PX,12.29,7.63
NN13 6HH,12.29,7.64
MK4 4TP,12.29,7.64
OX27 0GD,12.29,7.64
NN13 6GP,12.29,7.64
NN13 6PQ,12.30,7.64
OX27 9BT,12.30,7.64
MK12 6LB,12.30,7.64
NN13 6GY,12.30,7.64
HP18 0UA,12.30,7.64
MK4 4EG,12.30,7.64
NN12 8TA,12.30,7.64
MK11 3LW,12.30,7.65
NN13 6JW,12.31,7.65
MK4 4TR,12.31,7.65
MK4 4NH,12.31,7.65
NN13 6GN,12.31,7.65
MK8 0PF,12.31,7.65
MK4 4AF,12.31,7.65
MK4 4BZ,12.31,7.65
MK4 4NT,12.31,7.65
MK12 6AY,12.31,7.65
MK4 4HE,12.31,7.65
MK4 4HL,12.32,7.65
MK8 1EE,12.32,7.65
MK8 0DZ,12.32,7.65
OX27 0AD,12.32,7.66
MK8 0PZ,12.32,7.66
MK8 8AQ,12.32,7.66
NN13 6FD,12.32,7.66
MK8 0NB,12.32,7.66
MK4 4GY,12.32,7.66
MK12 5GX,12.32,7.66
MK4 4LY,12.32,7.66
MK4 4AG,12.32,7.66
NN13 6HG,12.33,7.66
NN13 6HF,12.33,7.66
OX27 0EU,12.33,7.66
MK12 6BB,12.33,7.66
MK12 6BN,12.33,7.66
MK8 1EJ,12.34,7.66
NN13 6FT,12.34,7.67
MK4 4AD,12.34,7.67
MK4 4HH,12.34,7.67
NN13 6HT,12.34,7.67
NN13 6HE,12.34,7.67
MK8 0NA,12.34,7.67
MK12 5GY,12.34,7.67
NN13 6GH,12.34,7.67
MK4 4TN,12.34,7.67
NN13 6DQ,12.35,7.67
MK5 6FP,12.35,7.67
NN13 6HQ,12.35,7.67
MK4 4AB,12.35,7.67
MK4 4JB,12.35,7.67
MK8 0NU,12.35,7.67
MK17 0HZ,12.35,7.67
MK12 6AZ,12.35,7.67
MK8 8AB,12.35,7.67
NN13 6BH,12.35,7.68
MK4 4JA,12.35,7.68
NN13 6DR,12.35,7.68
NN13 6HA,12.35,7.68
MK4 4EH,12.36,7.68
MK4 4LX,12.36,7.68
NN13 6PU,12.36,7.68
MK11 3HD,12.36,7.68
MK12 5GW,12.36,7.68
NN13 6EA,12.36,7.68
MK4 4NS,12.36,7.68
MK4 4NR,12.36,7.68
MK12 5TT,12.36,7.68
MK4 4EF,12.36,7.68
MK4 4EE,12.36,7.68
MK4 4HQ,12.36,7.68
MK4 4AN,12.37,7.68
MK4 4HG,12.37,7.68
MK4 4TJ,12.37,7.68
MK12 5GS,12.37,7.68
NN13 6PP,12.37,7.68
MK4 4TL,12.37,7.69
MK4 4AH,12.37,7.69
MK4 4AJ,12.37,7.69
NN13 6GL,12.37,7.69
NN13 6JZ,12.37,7.69
NN12 7UH,12.37,7.69
NN12 7TT,12.37,7.69
MK18 3LF,12.37,7.69
MK5 6FX,12.38,7.69
NN13 6PT,12.38,7.69
MK12 6AL,12.38,7.69
MK8 8AH,12.38,7.69
MK8 1BL,12.38,7.69
MK8 1EG,12.38,7.69
MK8 1BY,12.38,7.69
NN13 6HJ,12.38,7.69
MK11 3DR,12.38,7.69
NN12 7UL,12.38,7.69
MK4 4HS,12.38,7.69
OX27 0HE,12.38,7.70
MK5 6FR,12.38,7.70
MK4 4AL,12.38,7.70
NN12 7UJ,12.38,7.70
MK12 6LL,12.39,7.70
NN12 7TU,12.39,7.70
HP18 0TB,12.39,7.70
MK12 5GR,12.39,7.70
MK12 5TW,12.39,7.70
MK4 4TA,12.39,7.70
MK4 4BY,12.39,7.70
NN13 6FR,12.39,7.70
MK4 4LU,12.39,7.70
MK5 6FF,12.39,7.70
MK12 6LN,12.39,7.70
MK8 0PX,12.39,7.70
NN13 6HR,12.40,7.70
MK4 4JR,12.40,7.70
NN12 7TH,12.40,7.70
NN13 6HL,12.40,7.70
OX27 8RQ,12.40,7.70
NN12 7YD,12.40,7.70
MK8 8AJ,12.40,7.71
MK4 4HT,12.40,7.71
NN12 7TS,12.40,7.71
NN13 7AR,12.40,7.71
MK4 4AZ,12.41,7.71
MK8 1BN,12.41,7.71
MK4 4LW,12.41,7.71
MK8 0NR,12.41,7.71
MK12 5GU,12.41,7.71
MK4 4AR,12.41,7.71
NN13 6HB,12.41,7.71
MK4 4TD,12.41,7.71
MK12 5GT,12.41,7.71
MK8 8AL,12.41,7.71
NN13 6PY,12.41,7.71
NN13 6GJ,12.41,7.71
MK4 4AP,12.42,7.71
NN13 6HN,12.42,7.71
MK8 1DQ,12.42,7.71
MK17 0FF,12.42,7.72
MK4 4AS,12.42,7.72
MK8 0EJ,12.42,7.72
MK4 4AQ,12.42,7.72
NN13 6PS,12.42,7.72
MK4 4AW,12.42,7.72
MK8 0LW,12.42,7.72
MK8 1DR,12.42,7.72
MK4 4AT,12.42,7.72
OX27 0HF,12.43,7.72
MK8 0NJ,12.43,7.72
MK4 4NN,12.43,7.72
MK4 4AX,12.43,7.72
NN13 6LY,12.43,7.72
MK11 3HQ,12.43,7.72
MK4 4TB,12.43,7.72
MK4 4LT,12.43,7.72
MK8 0NE,12.43,7.72
HP18 0TD,12.43,7.72
MK5 6FE,12.43,7.72
NN13 6FS,12.43,7.72
NN12 7TX,12.43,7.73
MK17 0PL,12.44,7.73
NN12 7UA,12.44,7.73
MK12 6LS,12.44,7.73
OX27 8ST,12.44,7.73
MK12 6AH,12.44,7.73
OX27 0ER,12.44,7.73
MK4 4GZ,12.44,7.73
MK12 6LR,12.44,7.73
MK4 4NE,12.44,7.73
MK8 0LX,12.44,7.73
NN13 6FP,12.45,7.73
MK8 8AE,12.45,7.73
MK4 4BA,12.45,7.73
MK8 0NL,12.45,7.73
MK4 4NG,12.45,7.73
OX27 0HU,12.45,7.73
NN13 6PW,12.45,7.74
MK8 8AG,12.45,7.74
NN13 6HP,12.45,7.74
NN12 7UW,12.46,7.74
MK12 6AJ,12.46,7.74
OX27 0HD,12.46,7.74
MK8 8AF,12.46,7.74
HP18 0YH,12.46,7.74
MK4 4AU,12.46,7.74
MK4 4BE,12.46,7.74
MK4 4TE,12.46,7.74
MK8 0NH,12.46,7.74
MK12 6LP,12.46,7.74
MK4 4BB,12.46,7.75
NN13 6DS,12.46,7.75
HP18 0TG,12.46,7.75
MK4 4FB,12.47,7.75
MK8 0NQ,12.47,7.75
NN13 5PY,12.47,7.75
NN13 6GQ,12.47,7.75
MK12 6LT,12.47,7.75
MK8 1AD,12.47,7.75
HP18 0TE,12.47,7.75
OX27 0EX,12.47,7.75
NN12 7UN,12.47,7.75
MK4 4AY,12.47,7.75
MK5 6FD,12.47,7.75
MK4 4TH,12.47,7.75
MK5 6FQ,12.47,7.75
NN13 5XZ,12.47,7.75
MK8 1BJ,12.47,7.75
MK8 0DY,12.48,7.75
NN12 7TR,12.48,7.75
NN13 6PR,12.48,7.75
MK19 7JA,12.48,7.75
OX27 0HA,12.48,7.75
NN12 7TP,12.48,7.75
MK4 4BP,12.48,7.75
MK5 6FG,12.48,7.76
MK4 4BF,12.48,7.76
NN12 7TY,12.48,7.76
MK4 4ND,12.48,7.76
MK8 0EL,12.48,7.76
HP18 0TQ,12.49,7.76
OX27 0AN,12.49,7.76
NN13 6PN,12.49,7.76
MK8 8DU,12.49,7.76
MK8 0DR,12.49,7.76
MK8 1BH,12.49,7.76
MK8 0NG,12.50,7.76
MK17 0SN,12.50,7.76
MK8 1BF,12.50,7.77
MK8 0DQ,12.50,7.77
MK4 4LN,12.50,7.77
NN12 7UD,12.50,7.77
NN13 6BL,12.50,7.77
MK4 4TF,12.50,7.77
MK8 1AF,12.50,7.77
MK4 4BD,12.50,7.77
MK12 5FQ,12.50,7.77
MK5 6FH,12.50,7.77
MK18 3RZ,12.50,7.77
MK11 3LT,12.51,7.77
MK18 3JY,12.51,7.77
MK12 6AN,12.51,7.77
NN13 6HY,12.51,7.78
MK11 3HE,12.51,7.78
MK19 6ER,12.51,7.78
MK8 1BG,12.51,7.78
MK12 5GQ,12.51,7.78
HP18 0TF,12.52,7.78
NN12 7UF,12.52,7.78
OX27 0HB,12.52,7.78
MK8 1AB,12.52,7.78
NN13 6PL,12.52,7.78
MK4 4FX,12.52,7.78
MK4 4EZ,12.52,7.78
NN12 7XG,12.52,7.78
MK8 0DG,12.52,7.78
OX27 0GB,12.52,7.78
MK4 4EW,12.52,7.78
MK8 1AA,12.53,7.78
NN13 6DT,12.53,7.78
MK8 0DX,12.53,7.78
MK4 4LZ,12.53,7.78
MK8 0NF,12.53,7.78
NN12 7TW,12.53,7.79
MK4 4JY,12.53,7.79
MK4 4LJ,12.54,7.79
OX27 8AR,12.54,7.79
MK11 3HG,12.54,7.79
MK8 0EH,12.54,7.79
NN13 6HW,12.54,7.79
MK4 4LP,12.54,7.79
MK8 0EA,12.54,7.79
MK19 7JQ,12.54,7.79
MK4 4BN,12.54,7.80
MK4 4EU,12.55,7.80
MK4 4LL,12.55,7.80
MK4 4JZ,12.55,7.80
MK4 4TG,12.55,7.80
MK8 0BF,12.55,7.80
MK4 4JE,12.55,7.80
MK12 6AE,12.55,7.80
MK12 6LE,12.55,7.80
MK4 4EX,12.56,7.80
NN13 6QJ,12.56,7.80
NN13 6QN,12.56,7.80
MK8 8DX,12.56,7.81
MK11 3HF,12.56,7.81
MK4 4LQ,12.56,7.81
MK4 4LS,12.56,7.81
MK8 1AE,12.56,7.81
MK8 0EZ,12.57,7.81
MK8 0DS,12.57,7.81
MK12 5PA,12.57,7.81
NN13 6NQ,12.57,7.81
NN13 6QF,12.57,7.81
MK19 7JF,12.57,7.81
MK4 4BT,12.57,7.81
NN12 7UG,12.57,7.81
NN13 6QG,12.57,7.81
MK8 1BD,12.57,7.81
MK8 0EB,12.58,7.81
MK8 1BE,12.58,7.81
MK8 1BP,12.58,7.81
NN13 6NW,12.58,7.82
MK4 4FY,12.58,7.82
MK8 0EG,12.58,7.82
MK12 5GE,12.58,7.82
MK19 7BA,12.58,7.82
NN13 6JD,12.59,7.82
MK8 8DT,12.59,7.82
MK5 6GE,12.59,7.82
NN12 7TL,12.59,7.82
NN13 6NY,12.59,7.82
MK4 4EY,12.59,7.83
MK12 5GF,12.60,7.83
MK17 0PN,12.60,7.83
MK4 4BW,12.60,7.83
MK17 0SH,12.60,7.83
MK8 8DY,12.60,7.83
MK4 4HX,12.60,7.83
MK4 4BS,12.60,7.83
MK4 4LR,12.60,7.83
MK4 4BU,12.60,7.83
OX27 0EZ,12.60,7.83
NN13 6JA,12.60,7.83
HP18 0TA,12.60,7.83
MK8 0BS,12.60,7.83
MK8 0BP,12.61,7.83
NN13 6QE,12.61,7.83
MK12 6AA,12.61,7.83
MK12 5GD,12.61,7.84
MK8 0HE,12.61,7.84
MK4 4HY,12.62,7.84
MK12 6AW,12.62,7.84
NN13 6NZ,12.62,7.84
NN13 6NT,12.62,7.84
MK8 0EU,12.62,7.84
MK5 6GH,12.62,7.84
MK4 4FZ,12.62,7.84
MK8 0EQ,12.62,7.84
MK8 0DA,12.62,7.84
MK4 4JG,12.62,7.84
NN13 6NX,12.62,7.84
NN13 6PZ,12.62,7.84
NN12 7UB,12.62,7.84
MK4 4LB,12.62,7.84
MK4 4JU,12.63,7.85
MK4 4JH,12.63,7.85
NN13 6NN,12.63,7.85
MK12 5GG,12.63,7.85
MK4 4JW,12.63,7.85
MK4 4BJ,12.63,7.85
MK8 0EN,12.64,7.85
MK4 4LA,12.64,7.85
HP18 0WW,12.64,7.85
NN12 7TN,12.64,7.85
NN13 6JB,12.64,7.86
MK12 6AF,12.64,7.86
MK12 6AG,12.64,7.86
NN13 6NR,12.64,7.86
MK8 0BT,12.65,7.86
MK5 6LW,12.65,7.86
MK4 4ET,12.65,7.86
NN13 6BD,12.65,7.86
MK8 0DU,12.65,7.86
NN13 6QH,12.65,7.86
MK4 4NA,12.65,7.86
MK4 4LD,12.65,7.86
MK4 3GE,12.66,7.86
OX27 0EY,12.66,7.87
MK8 0BZ,12.66,7.87
MK12 5GB,12.66,7.87
NN13 6QD,12.66,7.87
MK5 6GD,12.66,7.87
MK12 5FS,12.66,7.87
MK4 4JX,12.66,7.87
MK12 5FT,12.66,7.87
MK17 0SD,12.67,7.87
NN13 5PZ,12.67,7.87
MK19 7JU,12.67,7.87
MK4 4JF,12.67,7.87
MK8 0BJ,12.67,7.87
MK8 0HF,12.67,7.87
MK8 0BU,12.68,7.88
MK8 0DB,12.68,7.88
MK4 4GN,12.68,7.88
MK4 4FD,12.68,7.88
NN13 6NU,12.68,7.88
MK19 7JD,12.69,7.88
MK19 7JG,12.69,7.88
MK8 8DP,12.69,7.88
MK12 6AB,12.69,7.88
MK8 0HA,12.69,7.88
MK4 4GL,12.69,7.88
OX27 0AE,12.69,7.89
MK4 4BL,12.69,7.89
NN12 7UP,12.69,7.89
MK8 0ED,12.69,7.89
MK4 4FP,12.69,7.89
OX27 8RJ,12.69,7.89
MK8 0BL,12.70,7.89
MK4 4LH,12.70,7.89
NN12 6LF,12.70,7.89
NN13 6NP,12.70,7.89
MK4 4HZ,12.70,7.89
NN12 7BD,12.71,7.89
MK12 5QA,12.71,7.89
MK8 0LQ,12.71,7.90
MK4 4BH,12.71,7.90
MK8 0BH,12.71,7.90
MK8 0BG,12.71,7.90
MK4 4GF,12.71,7.90
MK12 5GH,12.71,7.90
MK4 4FN,12.72,7.90
HP22 4DL,12.72,7.90
MK17 0SA,12.72,7.90
MK4 4JD,12.72,7.90
MK17 0FJ,12.72,7.90
NN13 6JE,12.72,7.90
MK5 6LR,12.72,7.90
MK4 4BG,12.72,7.91
MK8 0LF,12.72,7.91
MK19 7JR,12.72,7.91
MK12 6AP,12.72,7.91
NN13 6NS,12.73,7.91
MK4 4FF,12.73,7.91
MK12 5PU,12.73,7.91
MK19 7EZ,12.73,7.91
MK4 4FQ,12.73,7.91
MK8 8DW,12.73,7.91
MK8 0DL,12.73,7.91
MK8 0DT,12.74,7.91
MK8 0LG,12.74,7.91
MK12 6AQ,12.74,7.92
NN13 6NL,12.74,7.92
MK8 0EW,12.74,7.92
MK12 5GJ,12.74,7.92
MK12 6AD,12.74,7.92
MK4 4FE,12.75,7.92
MK19 7JH,12.75,7.92
MK4 4LE,12.75,7.92
MK19 7FA,12.75,7.92
MK12 5NH,12.75,7.92
MK4 4GG,12.75,7.92
MK8 0BB,12.75,7.92
MK8 8DZ,12.75,7.92
NN13 6NJ,12.75,7.92
MK4 4FJ,12.76,7.93
MK8 0BA,12.76,7.93
MK17 0SB,12.76,7.93
MK4 4FA,12.76,7.93
MK4 4LF,12.76,7.93
MK8 0HG,12.76,7.93
OX27 8SS,12.76,7.93
NN13 6JF,12.76,7.93
MK4 4LG,12.77,7.93
MK8 8DL,12.77,7.93
NN12 6JR,12.77,7.93
MK4 4DR,12.77,7.94
MK19 7DF,12.77,7.94
MK12 5QU,12.77,7.94
MK5 6LS,12.77,7.94
MK8 0DJ,12.78,7.94
MK8 8LS,12.78,7.94
MK8 0DD,12.78,7.94
MK8 8DR,12.78,7.94
MK4 4DN,12.78,7.94
MK12 5QW,12.78,7.94
MK12 6DA,12.78,7.94
MK4 4DL,12.78,7.94
NN12 7UE,12.79,7.94
MK4 4GH,12.79,7.94
MK4 4DY,12.79,7.95
MK8 8DS,12.79,7.95
NN12 8SU,12.79,7.95
MK17 0SU,12.80,7.95
MK12 6LU,12.80,7.95
MK4 4GB,12.80,7.95
MK12 6AT,12.80,7.96
MK8 0LE,12.80,7.96
MK4 4FR,12.81,7.96
MK12 5LL,12.82,7.96
NN12 7LS,12.82,7.96
MK5 6LN,12.82,7.96
MK8 8DJ,12.82,7.97
MK17 0SJ,12.82,7.97
MK4 4GA,12.82,7.97
MK8 8DQ,12.82,7.97
MK8 0AS,12.83,7.97
MK12 6AR,12.83,7.97
MK8 0AZ,12.84,7.98
HP18 0SZ,12.84,7.98
MK17 0RZ,12.84,7.98
MK5 6JP,12.84,7.98
MK4 4FL,12.85,7.98
MK8 8EA,12.85,7.98
MK4 4DS,12.85,7.98
MK12 5NJ,12.85,7.98
MK4 4GE,12.86,7.99
MK8 8DH,12.86,7.99
MK8 8LR,12.86,7.99
MK5 6AA,12.86,7.99
MK12 6AU,12.86,7.99
MK8 0AR,12.86,7.99
MK8 0HB,12.86,7.99
MK8 8DN,12.86,7.99
MK4 4GJ,12.87,7.99
MK8 0AH,12.87,7.99
MK12 5PN,12.87,8.00
MK17 0SL,12.87,8.00
NN13 5QY,12.87,8.00
MK4 4GD,12.87,8.00